,Ortsname,Tiere 2017,Einwohner 2017,Totalanteil 2017
1906,Scuol,4055,4638.0,1.14
1444,Naters,3944,9951.0,2.52
1885,Schwarzenburg,3208,6887.0,2.15
776,Flums,3025,4919.0,1.63
1528,Oberriet (SG),2985,8811.0,2.95
1892,Schwyz,2523,14885.0,5.9
1778,Rüeggisberg,2495,1819.0,0.73
1927,Serravalle,2493,2101.0,0.84
116,Bagnes,2375,8073.0,3.4
748,Felben-Wellhausen,2359,2749.0,1.17
681,Einsiedeln,2272,15361.0,6.76
1263,Lumnezia,2222,2068.0,0.93
156,Bellinzona,2202,42901.0,19.48
1625,Poschiavo,2199,3534.0,1.61
1407,Muotathal,2190,3543.0,1.62
853,Glarus Süd,2153,9575.0,4.45
1031,Ilanz/Glion,2037,4736.0,2.32
1325,Medel (Lucmagn),1956,385.0,0.2
2018,Surses,1729,2356.0,1.36
1128,Küssnacht (SZ),1721,12512.0,7.27
586,Disentis/Mustér,1672,2098.0,1.25
852,Glarus Nord,1631,18057.0,11.07
412,Bütschwil-Ganterschwil,1521,4734.0,3.11
1678,Reichenburg,1515,3566.0,2.35
1273,Luzein,1476,1550.0,1.05
1340,Mels,1474,8605.0,5.84
2158,Valsot,1468,876.0,0.6
1531,Obersaxen Mundaun,1466,1147.0,0.78
1344,Menzingen,1463,4467.0,3.05
2040,Thal,1449,6396.0,4.41
1974,St. Niklaus,1442,2265.0,1.57
8,Acquarossa,1442,1850.0,1.28
577,Diepoldsau,1435,6456.0,4.5
562,Degersheim,1417,3986.0,2.81
742,Faido,1397,2978.0,2.13
2157,Vals,1338,984.0,0.74
721,Eschenbach (SG),1331,9245.0,6.95
913,Gurbrü,1317,247.0,0.19
1574,Orsières,1300,3220.0,2.48
2088,Tujetsch,1296,1285.0,0.99
193,Bex,1290,7608.0,5.9
2220,Vorderthal,1278,1016.0,0.79
0,Aadorf,1263,8865.0,7.02
1435,Mümliswil-Ramiswil,1262,2456.0,1.95
1542,Oberägeri,1253,5994.0,4.78
164,Benken (SG),1243,2916.0,2.35
561,Davos,1239,11060.0,8.93
817,Gampel-Bratsch,1232,1965.0,1.59
1452,Nesslau,1224,3611.0,2.95
865,Gossau (SG),1210,18055.0,14.92
2281,Wattwil,1209,8630.0,7.14
259,Biasca,1207,6176.0,5.12
1169,Langnau im Emmental,1198,9241.0,7.71
2278,Wassen,1188,441.0,0.37
1292,Maienfeld,1179,2835.0,2.4
2207,Villorsonnens,1179,1347.0,1.14
85,Arth,1173,11735.0,10.0
288,Blenio,1170,1816.0,1.55
1536,Oberuzwil,1144,6423.0,5.61
2015,Sumvitg,1138,1216.0,1.07
2144,Val-d'Illiez,1136,1902.0,1.67
813,Galgenen,1130,5199.0,4.6
545,Cuarny,1119,238.0,0.21
489,Collombey-Muraz,1111,8863.0,7.98
1833,Samnaun,1106,758.0,0.69
1108,Klosters-Serneus,1100,4476.0,4.07
672,Eggiwil,1084,2458.0,2.27
2213,Visperterminen,1082,1363.0,1.26
1751,Rossinière,1081,544.0,0.5
2334,Wolfenschiessen,1081,2136.0,1.98
698,Entlebuch,1076,3367.0,3.13
1363,Milvignes,1043,8986.0,8.62
1817,Saint-Livres,1029,688.0,0.67
967,Hergiswil bei Willisau,1024,1890.0,1.85
1179,Lauperswil,1017,2604.0,2.56
1888,Schwellbrunn,1016,1565.0,1.54
1446,Neckertal,1013,4014.0,3.96
737,Evolène,1008,1697.0,1.68
2259,Walenstadt,1006,5590.0,5.56
1520,Oberiberg,998,885.0,0.89
49,Altstätten,993,11438.0,11.52
2208,Vilters-Wangs,989,4738.0,4.79
2014,Sumiswald,989,5021.0,5.08
1923,Sennwald,983,5455.0,5.55
1938,Silenen,967,2045.0,2.11
2271,Wangen (SZ),963,4989.0,5.18
1677,Reichenbach im Kandertal,963,3604.0,3.74
1099,Kirchberg (SG),962,8977.0,9.33
1839,Sarnen,957,10233.0,10.69
424,Capriasca,949,6603.0,6.96
650,Dübendorf,922,27689.0,30.03
1803,Safiental,916,897.0,0.98
870,Grabs,900,6884.0,7.65
894,Grindelwald,899,3818.0,4.25
2363,Zermatt,899,5714.0,6.36
361,Buchholterberg,879,1544.0,1.76
1905,Schüpfheim,873,4188.0,4.8
1718,Risch,872,10355.0,11.88
1223,Leuk,869,3947.0,4.54
463,Cheyres-Châbles,866,2222.0,2.57
99,Ausserberg,865,622.0,0.72
328,Breil/Brigels,865,1263.0,1.46
339,Brig-Glis,864,13158.0,15.23
1187,Lavizzara,860,569.0,0.66
2118,Unterlangenegg,855,973.0,1.14
623,Domat/Ems,852,8043.0,9.44
1399,Mosnang,851,2890.0,3.4
1033,Illnau-Effretikon,848,16796.0,19.81
938,Hauptwil-Gottshaus,848,1920.0,2.26
1966,Spiringen,848,834.0,0.98
2080,Trun,847,1180.0,1.39
943,Haute-Sorne,838,6908.0,8.24
326,Bregaglia,837,1537.0,1.84
725,Escholzmatt-Marbach,836,4358.0,5.21
2142,Val Müstair,817,1538.0,1.88
1038,Innertkirchen,816,1087.0,1.33
819,Gams,808,3339.0,4.13
140,Bauma,800,4909.0,6.14
390,Bärschwil,794,817.0,1.03
527,Courroux,783,3256.0,4.16
1990,Steg-Hohtenn,777,1565.0,2.01
2031,Tegerfelden,766,1204.0,1.57
409,Bürglen (UR),761,4021.0,5.28
2338,Wolhusen,761,4299.0,5.65
783,Forel (Lavaux),760,2075.0,2.73
1877,Schneisingen,756,1360.0,1.8
1995,Steinen,753,3358.0,4.46
2126,Unterägeri,753,8576.0,11.39
2346,Wädenswil,752,21797.0,28.99
2211,Vionnaz,746,2594.0,3.48
2143,Val Terbi,744,2641.0,3.55
2074,Trin,743,1340.0,1.8
1601,Pfäfers,743,1572.0,2.12
1332,Meinisberg,743,1311.0,1.76
2037,Teufen (AR),739,6201.0,8.39
1903,Schübelbach,736,9073.0,12.33
736,Evionnaz,732,1234.0,1.69
1044,Isenthal,724,503.0,0.69
1655,Raron,722,1936.0,2.68
1755,Rothenthurm,720,2375.0,3.3
1647,Rain,719,2659.0,3.7
1823,Saint-Oyens,718,349.0,0.49
2121,Unterschächen,714,710.0,0.99
2166,Vechigen,707,5240.0,7.41
1708,Ried-Brig,705,2077.0,2.95
860,Goms,704,1206.0,1.71
1506,Oberegg,703,1906.0,2.71
162,Belp,703,11534.0,16.41
1884,Schwarzenberg,700,1719.0,2.46
2098,Törbel,697,471.0,0.68
2348,Wängi,692,4632.0,6.69
1039,Ins,691,3496.0,5.06
719,Erstfeld,690,3765.0,5.46
1387,Montilliez,690,1694.0,2.46
949,Heiden,683,4210.0,6.16
1788,Rüte,682,3543.0,5.2
431,Cazis,677,2132.0,3.15
419,Cama,672,572.0,0.85
2035,Termen,669,891.0,1.33
43,Altendorf,668,6907.0,10.34
1504,Oberdorf (NW),663,3135.0,4.73
468,Chur,663,34880.0,52.61
968,Herisau,661,15730.0,23.8
934,Hasle (LU),658,1746.0,2.65
1931,Sevelen,658,4999.0,7.6
767,Fischenthal,642,2480.0,3.86
846,Giswil,641,3631.0,5.66
182,Beromünster,635,6517.0,10.26
1740,Romoos,635,667.0,1.05
1238,Linden,625,1287.0,2.06
388,Bäretswil,618,5060.0,8.19
2130,Urnäsch,615,2271.0,3.69
1721,Riviera,614,4132.0,6.73
1943,Sins,612,4302.0,7.03
350,Brusio,612,1122.0,1.83
1774,Röthenbach im Emmental,612,1183.0,1.93
1341,Meltingen,611,663.0,1.09
957,Hemberg,610,914.0,1.5
2228,Vuisternens-devant-Romont,609,2271.0,3.73
1296,Malters,605,7108.0,11.75
799,Frutigen,603,6894.0,11.43
790,Freienbach,603,16196.0,26.86
1985,Stansstad,601,4423.0,7.36
1170,Langrickenbach,600,1285.0,2.14
2105,Uesslingen-Buch,597,1079.0,1.81
2318,Willisau,595,7777.0,13.07
657,Ebnat-Kappel,592,5034.0,8.5
344,Brittnau,589,3882.0,6.59
2253,Wald (AR),586,864.0,1.47
355,Bubendorf,584,4401.0,7.54
469,Churwalden,582,1998.0,3.43
2335,Wolfhalden,579,1838.0,3.17
832,Gersau,579,2260.0,3.9
110,Baar,578,24129.0,41.75
1935,Signau,576,2737.0,4.75
1389,Montreux,576,26629.0,46.23
1709,Riederalp,574,488.0,0.85
1937,Sigriswil,568,4759.0,8.38
1468,Niederbüren,568,1530.0,2.69
575,Diemtigen,566,2175.0,3.84
327,Breggia,565,2059.0,3.64
862,Gonten,564,1434.0,2.54
2257,Waldkirch,561,3509.0,6.25
1771,Ruswil,561,6908.0,12.31
904,Grächen,559,1313.0,2.35
1027,Hüttlingen,557,840.0,1.51
1866,Schlatt-Haslen,557,1102.0,1.98
2311,Wildhaus-Alt St. Johann,557,2667.0,4.79
63,Appenzell,554,5825.0,10.51
1516,Oberhelfenschwil,551,1296.0,2.35
1413,Murten,549,8168.0,14.88
1124,Köniz,549,40938.0,74.57
2305,Wil (SG),548,23751.0,43.34
2260,Walkringen,546,1799.0,3.29
1230,Liddes,544,755.0,1.39
1410,Muri (AG),543,7638.0,14.07
1643,Quarten,542,2873.0,5.3
1173,Lauerz,541,1067.0,1.97
1502,Oberdiessbach,541,3496.0,6.46
152,Belfaux,540,3348.0,6.2
2078,Trub,539,1350.0,2.5
296,Boltigen,537,1294.0,2.41
670,Eggerberg,537,341.0,0.64
1915,Seewis im Prättigau,537,1397.0,2.6
997,Hombrechtikon,537,8620.0,16.05
1834,San Vittore,536,788.0,1.47
1121,Kriens,533,27110.0,50.86
1795,S-chanf,530,694.0,1.31
693,Engelberg,530,4134.0,7.8
1861,Schiers,529,2627.0,4.97
1086,Kemmental,524,2465.0,4.7
1307,Martigny,520,17998.0,34.61
772,Flawil,519,10505.0,20.24
1035,Ingenbohl,517,8758.0,16.94
2255,Wald (ZH),517,9645.0,18.66
707,Eriz,513,492.0,0.96
177,Bern,510,133115.0,261.01
83,Arosa,510,3219.0,6.31
2385,Zweisimmen,509,3035.0,5.96
1428,Mörschwil,509,3569.0,7.01
190,Bettwil,507,617.0,1.22
1103,Kirchlindach,503,3029.0,6.02
1789,Rüthi (SG),502,2305.0,4.59
1854,Schangnau,496,909.0,1.83
2116,Unteriberg,494,2365.0,4.79
1982,Staldenried,492,558.0,1.13
1257,Lugano,491,63932.0,130.21
30,Airolo,491,1526.0,3.11
1470,Niedergesteln,488,696.0,1.43
804,Furna,487,215.0,0.44
780,Flühli,486,1937.0,3.99
2381,Zuoz,484,1214.0,2.51
1796,Saanen,483,6882.0,14.25
916,Gurzelen,479,855.0,1.78
1540,Oberwil im Simmental,479,799.0,1.67
1366,Misery-Courtion,479,1909.0,3.99
1290,Maggia,479,2592.0,5.41
1237,Lindau,477,5489.0,11.51
1286,Lützelflüh,476,4092.0,8.6
1894,Schänis,474,3758.0,7.93
691,Emmetten,473,1384.0,2.93
917,Guttannen,473,267.0,0.56
69,Arbedo-Castione,472,4944.0,10.47
2185,Vex,471,1813.0,3.85
433,Centovalli,470,1183.0,2.52
1513,Obergoms,470,650.0,1.38
1841,Sattel,470,1926.0,4.1
998,Homburg,466,1537.0,3.3
1250,Lostallo,465,785.0,1.69
2356,Yvorne,465,1058.0,2.28
2089,Turbenthal,464,4681.0,10.09
2252,Walchwil,464,3626.0,7.81
1962,Soubey,463,134.0,0.29
1182,Lauterbrunnen,462,2406.0,5.21
2340,Worb,461,11473.0,24.89
859,Gommiswald,460,5053.0,10.98
2376,Zug,459,29804.0,64.93
1037,Innerthal,458,193.0,0.42
911,Guggisberg,454,1586.0,3.49
2091,Turtmann-Unterems,453,1108.0,2.45
2332,Wohlen bei Bern,453,9136.0,20.17
557,Dallenwil,451,1832.0,4.06
1901,Schönholzerswilen,450,838.0,1.86
2368,Zihlschlacht-Sitterdorf,449,2281.0,5.08
624,Domleschg,448,1954.0,4.36
1623,Port-Valais,446,3937.0,8.83
1805,Sagogn,444,702.0,1.58
750,Felsberg,442,2547.0,5.76
130,Bas-Intyamon,441,1324.0,3.0
1828,Salenstein,440,1288.0,2.93
1523,Oberlangenegg,440,475.0,1.08
1193,Le Flon,439,1186.0,2.7
628,Doppleschwand,439,767.0,1.75
2187,Veyrier,437,11535.0,26.4
280,Bischofszell,436,5947.0,13.64
1088,Kerns,434,6194.0,14.27
1351,Mesocco,434,1354.0,3.12
966,Hergiswil (NW),433,5682.0,13.12
94,Au (SG),426,7541.0,17.7
2254,Wald (BE),426,1183.0,2.78
2095,Täsch,425,1237.0,2.91
279,Birwinken,425,1338.0,3.15
150,Beinwil (SO),424,246.0,0.58
172,Bergün Filisur,423,503.0,1.19
2270,Walzenhausen,421,2034.0,4.83
935,Hasle bei Burgdorf,421,3331.0,7.91
1402,Movelier,421,391.0,0.93
143,Beckenried,417,3567.0,8.55
2165,Vaz/Obervaz,417,2716.0,6.51
434,Cerentino,415,51.0,0.12
39,Alpnach,414,5997.0,14.49
768,Fischingen,413,2686.0,6.5
1164,Landquart,413,8854.0,21.44
1006,Hospental,412,188.0,0.46
2010,Sufers,410,126.0,0.31
2350,Wünnewil-Flamatt,409,5470.0,13.37
1501,Oberbüren,408,4358.0,10.68
680,Eiken,407,2255.0,5.54
1889,Schwende,406,2193.0,5.4
2313,Wiler (Lötschen),405,570.0,1.41
1070,Kaltbrunn,405,4791.0,11.83
1605,Plaffeien,404,3566.0,8.83
1019,Höchstetten,401,287.0,0.72
20,Aeschi bei Spiez,400,2232.0,5.58
705,Ergisch,400,186.0,0.46
1568,Ormont-Dessous,397,1104.0,2.78
936,Hasliberg,396,1193.0,3.01
1779,Rüegsau,394,3202.0,8.13
1270,Luthern,392,1281.0,3.27
1996,Steinerberg,392,916.0,2.34
1431,Mühleberg,391,2843.0,7.27
850,Glarus,391,12515.0,32.01
2048,Thundorf,391,1462.0,3.74
1786,Rüschegg,390,1617.0,4.15
2344,Wynigen,389,2022.0,5.2
1100,Kirchdorf (BE),388,963.0,2.48
1374,Mont-Vully,386,3556.0,9.21
531,Courtepin,385,5398.0,14.02
2365,Zetzwil,385,1319.0,3.43
1458,Neuenkirch,384,6957.0,18.12
942,Haute-Ajoie,383,941.0,2.46
161,Belmont-sur-Yverdon,382,368.0,0.96
1545,Ochlenberg,380,561.0,1.48
1821,Saint-Martin (VS),376,837.0,2.23
751,Ferden,375,250.0,0.67
58,Andermatt,374,1355.0,3.62
1596,Petit-Val,374,410.0,1.1
375,Burgistein,371,1070.0,2.88
1159,Lalden,371,661.0,1.78
2075,Trogen,370,1750.0,4.73
365,Buchs (SG),365,12531.0,34.33
688,Embd,363,300.0,0.83
1474,Niederhelfenschwil,362,3069.0,8.48
125,Baltschieder,362,1308.0,3.61
941,Haut-Intyamon,361,1541.0,4.27
1018,Hérémence,360,1377.0,3.82
1521,Oberkirch,359,4636.0,12.91
1288,Madulain,359,216.0,0.6
1522,Oberkulm,359,2684.0,7.48
61,Anniviers,358,2719.0,7.59
410,Büron,358,2357.0,6.58
2079,Trubschachen,358,1448.0,4.04
915,Gurtnellen,358,563.0,1.57
1560,Onsernone,357,698.0,1.96
1772,Römerswil,355,1763.0,4.97
757,Feusisberg,354,5237.0,14.79
811,Gais,351,3106.0,8.85
290,Blumenstein,351,1209.0,3.44
2044,Thayngen,350,5422.0,15.49
788,Frauenfeld,348,25200.0,72.41
2112,Unterbäch,348,412.0,1.18
1956,Sonogno,346,87.0,0.25
2390,Zürich,346,402762.0,1164.05
295,Bolligen,344,6250.0,18.17
900,Grosswangen,344,3162.0,9.19
429,Castel San Pietro,343,2131.0,6.21
33,Albula/Alvra,340,1331.0,3.91
1320,Matzingen,340,2692.0,7.92
180,Bernex,338,10045.0,29.72
444,Champéry,338,1324.0,3.92
1222,Leuggern,337,2129.0,6.32
946,Hauteville,337,663.0,1.97
1515,Oberhallau,332,446.0,1.34
2276,Wartau,331,5237.0,15.82
285,Blatten,327,293.0,0.9
1907,Seeberg,327,1573.0,4.81
982,Hinwil,327,11095.0,33.93
1184,Lavertezzo,327,1318.0,4.03
1398,Morschach,326,1107.0,3.4
2094,Tägerwilen,325,4524.0,13.92
2056,Titterten,324,408.0,1.26
1857,Schattenhalb,323,585.0,1.81
2151,Valbroye,323,2962.0,9.17
92,Attinghausen,321,1650.0,5.14
1972,St. Margrethen,321,5841.0,18.2
1644,Quinto,320,1069.0,3.34
266,Biglen,320,1749.0,5.47
827,Genthod,319,2721.0,8.53
2101,Ueberstorf,318,2343.0,7.37
323,Bowil,318,1388.0,4.36
1702,Rickenbach (LU),317,3248.0,10.25
1154,La Verrerie,316,1158.0,3.66
992,Hohentannen,314,598.0,1.9
1497,Oberbalm,313,874.0,2.79
1067,Kaisten,313,2582.0,8.25
2153,Valeyres-sous-Rances,312,625.0,2.0
1003,Horrenbach-Buchen,312,236.0,0.76
82,Arogno,311,1004.0,3.23
404,Bünzen,309,1037.0,3.36
1163,Landiswil,309,624.0,2.02
1054,Jenins,308,902.0,2.93
1009,Hundwil,308,956.0,3.1
1425,Mörel-Filet,306,681.0,2.23
1980,Staffelbach,305,1109.0,3.64
54,Amriswil,304,13346.0,43.9
1872,Schluein,304,624.0,2.05
1417,Mägenwil,304,2114.0,6.95
2307,Wila,303,1947.0,6.43
2104,Uerkheim,302,1359.0,4.5
1129,Küttigen,301,6081.0,20.2
2293,Werthenstein,299,2040.0,6.82
340,Brione (Verzasca),297,175.0,0.59
1146,La Punt-Chamues-ch,296,745.0,2.52
679,Eichberg,293,1537.0,5.25
1775,Rüderswil,292,2369.0,8.11
1085,Kehrsatz,290,4258.0,14.68
2364,Zernez,290,1540.0,5.31
653,Dürrenroth,290,1061.0,3.66
2315,Wileroltigen,289,372.0,1.29
356,Bubikon,289,7115.0,24.62
1517,Oberhof,289,598.0,2.07
284,Bière,289,1551.0,5.37
1681,Reinach (AG),286,8270.0,28.92
1874,Schmiedrued,285,1176.0,4.13
44,Alterswil,285,2037.0,7.15
908,Grüsch,284,2049.0,7.21
1419,Märstetten,282,2802.0,9.94
1115,Kradolf-Schönenberg,279,3535.0,12.67
914,Gurmels,277,4181.0,15.09
761,Fieschertal,277,321.0,1.16
816,Gambarogno,277,5154.0,18.61
1505,Oberdorf (SO),276,1685.0,6.11
833,Gerzensee,276,1193.0,4.32
1284,Lütisburg,276,1541.0,5.58
2323,Winterthur,276,109775.0,397.74
1554,Ollon,275,7503.0,27.28
91,Attelwil,274,284.0,1.04
555,Dagmersellen,274,5287.0,19.3
866,Gossau (ZH),273,9827.0,36.0
1729,Roggwil (TG),273,3065.0,11.23
2360,Zell (LU),273,2025.0,7.42
1272,Lutzenberg,272,1243.0,4.57
2287,Weinfelden,269,11288.0,41.96
2049,Thunstetten,268,3338.0,12.46
1535,Oberthal,267,727.0,2.72
2106,Uetendorf,267,6006.0,22.49
418,Calanca,267,192.0,0.72
2310,Wilderswil,267,2662.0,9.97
905,Gränichen,266,7624.0,28.66
1224,Leukerbad,266,1433.0,5.39
2358,Zeihen,266,1116.0,4.2
844,Gipf-Oberfrick,265,3512.0,13.25
1571,Oron,263,5423.0,20.62
1011,Huttwil,263,4835.0,18.38
1753,Rothenburg,263,7430.0,28.25
996,Homberg,261,511.0,1.96
2146,Val-de-Ruz,261,16832.0,64.49
897,Grossaffoltern,261,3005.0,11.51
1113,Konolfingen,260,5280.0,20.31
2069,Treyvaux,259,1449.0,5.59
836,Gibloux,258,7236.0,28.05
1712,Riemenstalden,257,88.0,0.34
149,Beinwil (Freiamt),257,1110.0,4.32
2033,Tenniken,257,934.0,3.63
571,Develier,255,1408.0,5.52
694,Enges,253,274.0,1.08
940,Hausen am Albis,252,3571.0,14.17
1851,Schaffhausen,251,36148.0,144.02
1155,Laax,251,1725.0,6.87
406,Büren (SO),251,1008.0,4.02
896,Grono,250,1340.0,5.36
1490,Nufenen,250,150.0,0.6
46,Altishofen,250,1548.0,6.19
716,Ernen,249,509.0,2.04
471,Châtel-Saint-Denis,248,6528.0,26.32
901,Grub (AR),248,1040.0,4.19
1453,Neuchâtel,247,33772.0,136.73
1801,Sachseln,247,5060.0,20.49
1983,Stallikon,246,3646.0,14.82
1053,Jenaz,245,1168.0,4.77
2009,Suchy,245,606.0,2.47
1330,Meilen,244,13762.0,56.4
528,Court,244,1408.0,5.77
1976,St. Stephan,243,1325.0,5.45
119,Balgach,243,4598.0,18.92
1117,Krauchthal,242,2344.0,9.69
718,Ersigen,241,2010.0,8.34
2362,Zeneggen,240,280.0,1.17
2160,Varen,239,619.0,2.59
415,Cademario,238,791.0,3.32
1047,Isérables,236,830.0,3.52
483,Clos du Doubs,236,1321.0,5.6
1856,Schattdorf,235,5248.0,22.33
1287,Madiswil,235,3239.0,13.78
932,Hallwil,233,872.0,3.74
1597,Pfaffnau,232,2653.0,11.44
925,Güttingen,232,1568.0,6.76
1992,Stein (AR),232,1418.0,6.11
1333,Meiringen,231,4692.0,20.31
9,Adelboden,229,3370.0,14.72
953,Heimiswil,229,1589.0,6.94
1948,Sissach,228,6733.0,29.53
1448,Neftenbach,228,5564.0,24.4
752,Ferenbalm,226,1262.0,5.58
979,Himmelried,225,926.0,4.12
47,Altnau,225,2161.0,9.6
1970,St. Gallen,224,75481.0,336.97
863,Gontenschwil,224,2111.0,9.42
142,Beatenberg,223,1208.0,5.42
1295,Malans,222,2310.0,10.41
533,Crans-Montana,222,10711.0,48.25
735,Evilard,222,2601.0,11.72
1319,Matzendorf,222,1323.0,5.96
1345,Menznau,221,2897.0,13.11
2361,Zell (ZH),221,5756.0,26.05
1651,Randa,220,444.0,2.02
1950,Siviriez,220,2214.0,10.06
155,Bellikon,219,1549.0,7.07
1800,Saas-Grund,219,1023.0,4.67
1600,Pfyn,219,1951.0,8.91
22,Affeltrangen,219,2520.0,11.51
810,Gachnang,218,4225.0,19.38
1988,Steckborn,218,3754.0,17.22
1342,Mendrisio,217,15110.0,69.63
2301,Wiesendangen,217,6296.0,29.01
1012,Häfelfingen,216,253.0,1.17
147,Beggingen,215,476.0,2.21
713,Erlinsbach (SO),215,3447.0,16.03
1847,Savièse,215,7532.0,35.03
25,Agarn,213,764.0,3.59
435,Cevio,213,1177.0,5.53
379,Buseno,213,92.0,0.43
985,Hitzkirch,212,5190.0,24.48
922,Göschenen,212,450.0,2.12
184,Bettenhausen,212,645.0,3.04
1999,Stetten (AG),212,2203.0,10.39
2138,Utzenstorf,212,4253.0,20.06
1756,Rothrist,211,8853.0,41.96
1942,Simplon,209,309.0,1.48
2212,Visp,209,7726.0,36.97
1209,Lenk,209,2358.0,11.28
1921,Semsales,209,1435.0,6.87
821,Gebenstorf,209,5157.0,24.67
682,Eischoll,209,443.0,2.12
104,Avenches,208,4166.0,20.03
1570,Orny,207,370.0,1.79
720,Eschenbach (LU),207,3684.0,17.8
1353,Mettauertal,206,1933.0,9.38
2268,Walterswil (BE),205,546.0,2.66
498,Conthey,205,8674.0,42.31
2297,Wichtrach,205,4233.0,20.65
1059,Jorat-Menthue,205,1542.0,7.52
787,Fraubrunnen,204,4962.0,24.32
907,Grüningen,204,3401.0,16.67
1984,Stans,204,8333.0,40.85
1421,Mézières (FR),204,998.0,4.89
655,Ebersecken,204,395.0,1.94
1645,Radelfingen,203,1240.0,6.11
1167,Langenthal,203,15501.0,76.36
135,Basse-Allaine,202,1225.0,6.06
2162,Vaulion,202,492.0,2.44
526,Courrendlin,202,2882.0,14.27
1932,Siblingen,200,847.0,4.24
95,Aubonne,200,3281.0,16.4
2047,Thun,200,43568.0,217.84
779,Flüelen,200,2002.0,10.01
2296,Wetzikon (ZH),200,24640.0,123.2
360,Buchegg,199,2532.0,12.72
398,Bözberg,199,1563.0,7.85
2076,Troinex,199,2274.0,11.43
1432,Mühlethurnen,198,1385.0,6.99
1022,Hünenberg,198,8827.0,44.58
2062,Trachselwald,197,971.0,4.93
308,Boswil,197,2808.0,14.25
1119,Kriechenwil,197,421.0,2.14
1180,Lausanne,196,137810.0,703.11
1899,Schönengrund,196,516.0,2.63
1450,Nendaz,196,6476.0,33.04
103,Avegno Gordevio,195,1479.0,7.58
2280,Wattenwil,195,2869.0,14.71
1032,Illgau,194,794.0,4.09
2342,Wuppenau,194,1133.0,5.84
1555,Olsberg,193,357.0,1.85
1313,Massonnens,192,510.0,2.66
1355,Mettmenstetten,192,4861.0,25.32
2131,Ursenbach,192,903.0,4.7
343,Brissago,191,1773.0,9.28
1967,Splügen,191,377.0,1.97
759,Fideris,190,622.0,3.27
2214,Vitznau,190,1339.0,7.05
189,Bettwiesen,190,1177.0,6.19
1381,Monteceneri,190,4655.0,24.5
1422,Möhlin,190,10913.0,57.44
645,Därstetten,189,851.0,4.5
76,Aristau,189,1413.0,7.48
1638,Puidoux,188,2863.0,15.23
2022,Sâles,188,1446.0,7.69
309,Bottens,188,1245.0,6.62
385,Buttisholz,187,3248.0,17.37
81,Arni (BE),187,917.0,4.9
183,Besenbüren,187,616.0,3.29
1879,Schongau,187,1020.0,5.45
2147,Val-de-Travers,186,10950.0,58.87
1133,La Baroche,185,1212.0,6.55
1082,Kappel am Albis,185,1110.0,6.0
1743,Root,185,4754.0,25.7
1582,Oulens-sous-Echallens,185,562.0,3.04
1274,Luzern,185,81592.0,441.04
1747,Rorschacherberg,184,7090.0,38.53
1880,Schupfart,184,812.0,4.41
70,Arboldswil,184,561.0,3.05
1612,Pollegio,184,780.0,4.24
1000,Horgen,184,20291.0,110.28
1379,Montanaire,184,2494.0,13.55
1783,Rümligen,184,434.0,2.36
671,Eggersriet,184,2293.0,12.46
1840,Satigny,183,4102.0,22.42
1051,Jaun,182,671.0,3.69
547,Cugnasco-Gerra,181,2909.0,16.07
1445,Nebikon,181,2600.0,14.36
685,Elgg,180,4323.0,24.02
1500,Oberburg,179,2940.0,16.42
733,Ettiswil,179,2718.0,15.18
310,Bottenwil,179,797.0,4.45
1239,Linescio,179,45.0,0.25
1492,Nunningen,178,1878.0,10.55
1578,Ostermundigen,178,17127.0,96.22
2115,Unterentfelden,178,4102.0,23.04
1914,Seewen,177,1017.0,5.75
678,Eich,177,1658.0,9.37
2012,Sulgen,177,3741.0,21.14
1939,Sils im Domleschg,177,926.0,5.23
1329,Meikirch,177,2465.0,13.93
1109,Kloten,177,19086.0,107.83
283,Bitsch,177,932.0,5.27
397,Böttstein,176,3942.0,22.4
353,Brüttelen,174,590.0,3.39
1902,Schötz,174,4272.0,24.55
2258,Waldstatt,174,1767.0,10.16
1346,Merenschwand,172,3491.0,20.3
1692,Reute (AR),172,699.0,4.06
1360,Mezzovico-Vira,172,1375.0,7.99
1557,Oltingen,172,486.0,2.83
1798,Saas-Balen,172,366.0,2.13
1294,Maladers,171,523.0,3.06
666,Effingen,171,603.0,3.53
924,Günsberg,171,1181.0,6.91
1714,Rifferswil,170,1078.0,6.34
2221,Vouvry,170,4052.0,23.84
2070,Triengen,170,4587.0,26.98
990,Hofstetten-Flüh,170,3183.0,18.72
1965,Spiez,170,12713.0,74.78
976,Hettlingen,169,3168.0,18.75
1684,Reitnau,168,1269.0,7.55
1172,Lauenen,168,835.0,4.97
1092,Kienberg,167,527.0,3.16
1372,Mont-Noble,166,1056.0,6.36
2057,Tobel-Tägerschen,166,1596.0,9.61
1165,Langenbruck,165,955.0,5.79
1244,Lohnstorf,165,229.0,1.39
1944,Sion,165,34353.0,208.2
805,Fällanden,165,8417.0,51.01
1912,Seelisberg,164,683.0,4.16
841,Gimel,164,1951.0,11.9
169,Berg (TG),164,3308.0,20.17
675,Egnach,163,4699.0,28.83
1900,Schönenwerd,162,4948.0,30.54
686,Ellikon an der Thur,162,891.0,5.5
2109,Ufhusen,161,891.0,5.53
2366,Ziefen,161,1542.0,9.58
1964,Speicher,161,4227.0,26.25
2303,Wigoltingen,161,2423.0,15.05
2145,Val-de-Charmey,160,2435.0,15.22
1328,Meierskappel,160,1371.0,8.57
1832,Samedan,159,2980.0,18.74
926,Habkern,159,650.0,4.09
888,Grengiols,159,432.0,2.72
1418,Männedorf,159,10830.0,68.11
405,Bürchen,159,728.0,4.58
2051,Thusis,159,3044.0,19.14
937,Hauenstein-Ifenthal,158,309.0,1.96
1386,Monthey,158,17573.0,111.22
2125,Untervaz,156,2491.0,15.97
763,Finhaut,156,419.0,2.69
2322,Wintersingen,155,609.0,3.93
993,Holderbank (AG),154,1178.0,7.65
105,Avers,154,168.0,1.09
56,Andeer,154,948.0,6.16
954,Heitenried,154,1365.0,8.86
420,Campo (Vallemaggia),154,56.0,0.36
331,Bremgarten (AG),153,7742.0,50.6
2285,Weggis,153,4381.0,28.63
802,Full-Reuenthal,153,880.0,5.75
2295,Wettswil am Albis,152,5123.0,33.7
2233,Vérossaz,151,735.0,4.87
1975,St. Silvester,150,986.0,6.57
48,Alto Malcantone,150,1414.0,9.43
1700,Richterswil,150,13352.0,89.01
402,Bühler,150,1746.0,11.64
109,Ayent,149,3935.0,26.41
1715,Riggisberg,149,2456.0,16.48
1278,Läufelfingen,148,1314.0,8.88
2291,Wengi,148,592.0,4.0
2215,Vogorno,147,272.0,1.85
784,Forst-Längenbühl,147,781.0,5.31
1878,Schnottwil,147,1082.0,7.36
1837,Sargans,147,6063.0,41.24
2077,Troistorrents,146,4568.0,31.29
24,Affoltern im Emmental,146,1133.0,7.76
1807,Saignelégier,145,2556.0,17.63
1759,Roveredo (GR),145,2484.0,17.13
2046,Thierachern,145,2426.0,16.73
834,Gettnau,144,1120.0,7.78
965,Herdern,144,1030.0,7.15
651,Düdingen,144,7825.0,54.34
890,Greppen,143,1052.0,7.36
2272,Wangen an der Aare,143,2305.0,16.12
1457,Neuenhof,143,8750.0,61.19
1348,Merishausen,143,859.0,6.01
1409,Murgenthal,142,2920.0,20.56
2283,Weesen,142,1635.0,11.51
1141,La Ferrière,142,542.0,3.82
1908,Seedorf (BE),142,3097.0,21.81
627,Donneloye,141,782.0,5.55
1909,Seedorf (UR),141,1794.0,12.72
709,Erlen,139,3649.0,26.25
1680,Reigoldswil,139,1591.0,11.45
712,Erlinsbach (AG),138,4091.0,29.64
1264,Lungern,138,2129.0,15.43
1326,Meggen,138,7002.0,50.74
2036,Terre di Pedemonte,138,2608.0,18.9
1245,Lommis,137,1217.0,8.88
286,Blauen,137,694.0,5.07
711,Erlenbach im Simmental,137,1718.0,12.54
158,Bellwald,136,395.0,2.9
166,Bennwil,136,641.0,4.71
1871,Schlossrued,136,841.0,6.18
696,Ennetbürgen,135,4567.0,33.83
456,Cheiry,135,388.0,2.87
1679,Reiden,134,7008.0,52.3
1957,Sonvilier,134,1266.0,9.45
697,Ennetmoos,132,2108.0,15.97
484,Coeuve,132,732.0,5.55
311,Botterens,131,569.0,4.34
2308,Wilchingen,131,1731.0,13.21
2321,Winkel,131,4391.0,33.52
1920,Sempach,131,4106.0,31.34
1415,Muttenz,130,17723.0,136.33
560,Dardagny,130,1782.0,13.71
2325,Wisen (SO),130,403.0,3.1
782,Fontenais,130,1686.0,12.97
1017,Häutligen,130,255.0,1.96
1508,Oberems,129,123.0,0.95
1236,Lignières,129,965.0,7.48
1904,Schüpfen,129,3719.0,28.83
1248,Longirod,129,458.0,3.55
1652,Raperswilen,129,391.0,3.03
51,Amden,129,1793.0,13.9
36,Alle,129,1817.0,14.09
1594,Personico,129,340.0,2.64
1015,Hägglingen,128,2448.0,19.12
856,Golaten,128,309.0,2.41
989,Hofstetten bei Brienz,128,538.0,4.2
714,Ermatingen,127,3308.0,26.05
294,Bolken,127,590.0,4.65
803,Fully,127,8622.0,67.89
1846,Savigny,127,3312.0,26.08
1312,Massongex,126,1823.0,14.47
338,Brienzwiler,126,493.0,3.91
2309,Wildberg,126,985.0,7.82
1212,Les Bois,126,1219.0,9.67
1176,Laufenburg,126,3569.0,28.33
470,Château-d'Oex,125,3474.0,27.79
1991,Stein (AG),125,3215.0,25.72
1456,Neuenegg,125,5436.0,43.49
1323,Maur,124,10067.0,81.19
1499,Oberbuchsiten,124,2173.0,17.52
1738,Romont (BE),124,195.0,1.57
2327,Wittenbach,124,9779.0,78.86
297,Bonaduz,124,3229.0,26.04
930,Haldenstein,123,1030.0,8.37
52,Amlikon-Bissegg,123,1311.0,10.66
762,Fiez,123,427.0,3.47
1206,Lengnau (AG),123,2680.0,21.79
1855,Scharans,123,818.0,6.65
2217,Volketswil,123,18582.0,151.07
1868,Schleitheim,123,1675.0,13.62
2223,Vuarrens,122,988.0,8.1
144,Bedano,122,1574.0,12.9
1228,Leytron,122,3135.0,25.7
878,Grandvillard,122,812.0,6.66
14,Aefligen,122,1089.0,8.93
1552,Oftringen,121,13511.0,111.66
1377,Montagny (FR),121,2404.0,19.87
1134,La Brillaz,121,1983.0,16.39
1143,La Grande-Béroche,120,9068.0,75.57
1498,Oberbipp,120,1701.0,14.18
918,Guttet-Feschel,119,421.0,3.54
1929,Sessa,119,703.0,5.91
1829,Salgesch,119,1470.0,12.35
626,Donat,118,214.0,1.81
2343,Wynau,118,1637.0,13.87
1989,Steffisburg,118,15783.0,133.75
188,Bettmeralp,117,442.0,3.78
325,Braunau,117,763.0,6.52
981,Hinterrhein,117,68.0,0.58
2135,Uster,115,34319.0,298.43
1220,Les Ponts-de-Martel,115,1294.0,11.25
654,Dürrenäsch,115,1213.0,10.55
1148,La Roche,115,1644.0,14.3
1460,Neuheim,115,2219.0,19.3
631,Dorénaz,114,911.0,7.99
2345,Wyssachen,114,1146.0,10.05
2339,Wollerau,114,7102.0,62.3
1183,Lauwil,114,333.0,2.92
12,Adliswil,114,18742.0,164.4
1058,Jonschwil,114,3788.0,33.23
1068,Kallern,114,354.0,3.11
1981,Stalden (VS),114,1119.0,9.82
120,Ballaigues,113,1114.0,9.86
975,Herzogenbuchsee,113,6998.0,61.93
1607,Plasselb,112,1040.0,9.29
1362,Miglieglia,112,308.0,2.75
408,Bürglen (TG),112,3751.0,33.49
1969,St. Antoni,112,2044.0,18.25
1491,Nuglar-St. Pantaleon,112,1503.0,13.42
1293,Maisprach,111,944.0,8.5
1227,Leysin,110,4172.0,37.93
1806,Saicourt,110,616.0,5.6
673,Eglisau,110,5167.0,46.97
2113,Untereggen,110,1060.0,9.64
1477,Niedermuhlern,109,474.0,4.35
2003,Stocken-Höfen,109,992.0,9.1
739,Fahrni,109,802.0,7.36
944,Hauterive (FR),108,2431.0,22.51
1107,Klingnau,108,3340.0,30.93
902,Gruyères,107,2194.0,20.5
2306,Wil (ZH),107,1372.0,12.82
1073,Kandersteg,107,1283.0,11.99
179,Berneck,107,3956.0,36.97
689,Embrach,106,9189.0,86.69
1637,Prévonloup,106,166.0,1.57
706,Eriswil,106,1407.0,13.27
2352,Würenlos,106,6336.0,59.77
1882,Schwadernau,106,673.0,6.35
1301,Marbach (SG),106,2095.0,19.76
1653,Rapperswil (BE),105,2608.0,24.84
1676,Rehetobel,105,1773.0,16.89
2073,Trimmis,104,3301.0,31.74
1373,Mont-Tramelan,104,116.0,1.12
428,Castaneda,104,273.0,2.62
337,Brienz (BE),104,3080.0,29.62
1217,Les Genevez (JU),104,502.0,4.83
1127,Küsnacht (ZH),104,14192.0,136.46
1469,Niederdorf,104,1825.0,17.55
892,Grimisuat,104,3279.0,31.53
21,Aeugst am Albis,103,1977.0,19.19
1084,Kaufdorf,103,1066.0,10.35
1836,Santa Maria in Calanca,102,110.0,1.08
1794,Rüttenen,102,1491.0,14.62
2300,Wiedlisbach,102,2325.0,22.79
572,Diegten,102,1623.0,15.91
580,Diessenhofen,101,3767.0,37.3
1256,Lufingen,101,2210.0,21.88
674,Egliswil,101,1352.0,13.39
734,Etziken,101,825.0,8.17
789,Frauenkappelen,101,1218.0,12.06
2087,Tuggen,101,3239.0,32.07
2061,Torricella-Taverne,101,3066.0,30.36
2038,Teufenthal (AG),100,1575.0,15.75
1406,Muolen,100,1208.0,12.08
791,Freienstein-Teufen,100,2342.0,23.42
1947,Sisikon,99,373.0,3.77
746,Fehraltorf,99,6361.0,64.25
2299,Widnau,99,9490.0,95.86
1251,Lostorf,98,3942.0,40.22
1178,Laupersdorf,98,1729.0,17.64
991,Hohenrain,98,2531.0,25.83
60,Anières,97,2495.0,25.72
1195,Le Landeron,97,4559.0,47.0
2084,Tschappina,97,128.0,1.32
1028,Hüttwilen,96,1705.0,17.76
317,Bourg-Saint-Pierre,96,182.0,1.9
683,Eisten,96,201.0,2.09
950,Heiligenschwendi,96,691.0,7.2
815,Gals,96,793.0,8.26
1025,Hütten,95,900.0,9.47
1089,Kerzers,95,4911.0,51.69
2108,Uezwil,95,460.0,4.84
112,Bachs,95,605.0,6.37
2284,Wegenstetten,92,1079.0,11.73
1063,Juriens,92,303.0,3.29
521,Cottens (VD),92,484.0,5.26
1731,Rohrbach,92,1436.0,15.61
42,Altdorf (UR),92,9211.0,100.12
1233,Liestal,92,14148.0,153.78
786,Frasco,92,107.0,1.16
1317,Matten bei Interlaken,91,4040.0,44.4
304,Boppelsen,91,1327.0,14.58
1289,Magden,91,3932.0,43.21
684,Elfingen,91,284.0,3.12
1546,Oekingen,90,833.0,9.26
793,Freimettigen,90,484.0,5.38
1485,Nottwil,90,3728.0,41.42
1802,Safenwil,90,3740.0,41.56
704,Eptingen,90,520.0,5.78
820,Gansingen,90,1019.0,11.32
1945,Sirnach,90,7738.0,85.98
2172,Vernayaz,90,1881.0,20.9
5,Aarwangen,89,4518.0,50.76
1199,Le Mouret,88,3156.0,35.86
2235,Wachseldorn,88,233.0,2.65
40,Alpthal,88,612.0,6.95
90,Attalens,88,3353.0,38.1
1827,Sainte-Croix,88,4912.0,55.82
1791,Rüti bei Büren,87,848.0,9.75
1125,Küblis,87,860.0,9.89
1977,St. Ursen,87,1319.0,15.16
1598,Pfeffingen,87,2363.0,27.16
18,Aesch (ZH),87,1275.0,14.66
1198,Le Mont-sur-Lausanne,86,7888.0,91.72
1322,Mauensee,86,1414.0,16.44
1241,Lohn (GR),86,44.0,0.51
1285,Lütschental,86,227.0,2.64
2289,Weisslingen,86,3278.0,38.12
1106,Kleinlützel,86,1255.0,14.59
2382,Zuzgen,85,873.0,10.27
1056,Jonen,85,2037.0,23.96
524,Courgenay,85,2295.0,27.0
2256,Waldenburg,85,1179.0,13.87
1602,Pfäffikon,85,11774.0,138.52
1960,Sorens,84,1082.0,12.88
506,Corcelles-près-Payerne,84,2381.0,28.35
1013,Hägendorf,84,4949.0,58.92
1781,Rümikon,84,309.0,3.68
1916,Seftigen,84,2194.0,26.12
1529,Oberrohrdorf,84,4082.0,48.6
585,Dintikon,84,2188.0,26.05
569,Densbüren,83,708.0,8.53
1661,Rechthalten,83,1068.0,12.87
559,Damphreux,82,178.0,2.17
2045,Therwil,82,10008.0,122.05
2016,Surpierre,82,712.0,8.68
1153,La Tène,82,4967.0,60.57
1400,Moudon,82,6114.0,74.56
1489,Noville,82,1058.0,12.9
523,Courchavon,81,293.0,3.62
1308,Martigny-Combe,81,2305.0,28.46
2085,Tschiertschen-Praden,81,327.0,4.04
1689,Renan (BE),81,905.0,11.17
1564,Orbe,81,6903.0,85.22
910,Gsteigwiler,80,398.0,4.97
2133,Ursy,80,3030.0,37.88
2092,Twann-Tüscherz,80,1154.0,14.42
948,Hefenhofen,80,1244.0,15.55
1797,Saas-Almagell,80,386.0,4.82
1480,Niederweningen,80,2930.0,36.62
28,Aigle,79,9961.0,126.09
1126,Künten,79,1700.0,21.52
1773,Röschenz,78,1831.0,23.47
1897,Schönenberg (ZH),78,1849.0,23.71
1356,Metzerlen-Mariastein,78,934.0,11.97
1052,Jegenstorf,77,5710.0,74.16
436,Chalais,77,3466.0,45.01
988,Hochwald,77,1308.0,16.99
1488,Novazzano,76,2398.0,31.55
795,Fribourg,76,38829.0,510.91
677,Ehrendingen,76,4775.0,62.83
1739,Romont (FR),76,5204.0,68.47
1732,Rohrbachgraben,75,397.0,5.29
1265,Lupfig,75,2373.0,31.64
1005,Horw,75,13884.0,185.12
755,Ferreyres,75,316.0,4.21
1727,Roggliswil,75,682.0,9.09
282,Bister,75,30.0,0.4
502,Corcelles (BE),75,203.0,2.71
2020,Sutz-Lattrigen,74,1390.0,18.78
1137,La Chaux-de-Fonds,74,38965.0,526.55
335,Bretonnières,74,258.0,3.49
2267,Waltenschwil,74,2820.0,38.11
75,Arisdorf,74,1657.0,22.39
740,Fahrwangen,74,2061.0,27.85
1658,Rebstein,73,4480.0,61.37
1060,Jorat-Mézières,73,2815.0,38.56
2,Aarberg,73,4527.0,62.01
1648,Ramlinsburg,73,712.0,9.75
2320,Windisch,73,7492.0,102.63
652,Dürnten,73,7530.0,103.15
329,Breitenbach,73,3849.0,52.73
368,Bulle,72,22523.0,312.82
1161,Lampenberg,72,503.0,6.99
898,Grossdietwil,72,838.0,11.64
303,Bonvillars,72,493.0,6.85
2041,Thalheim (AG),72,824.0,11.44
10,Adligenswil,72,5352.0,74.33
1466,Niederbipp,72,4647.0,64.54
906,Grône,71,2415.0,34.01
1539,Oberwil bei Büren,71,832.0,11.72
636,Duggingen,71,1540.0,21.69
2082,Trélex,71,1446.0,20.37
1799,Saas-Fee,71,1636.0,23.04
765,Fischbach,71,699.0,9.85
2319,Wimmis,71,2463.0,34.69
1843,Sauge,71,834.0,11.75
2333,Wohlenschwil,71,1538.0,21.66
2232,Vully-les-Lacs,70,2943.0,42.04
307,Bossonnens,70,1475.0,21.07
45,Altikon,70,658.0,9.4
2072,Trimbach,70,6553.0,93.61
1349,Mervelier,70,490.0,7.0
648,Dörflingen,70,982.0,14.03
1581,Ottenbach,70,2591.0,37.01
909,Gsteig,70,981.0,14.01
928,Hagenbuch,69,1095.0,15.87
2330,Wittnau,69,1255.0,18.19
520,Cottens (FR),69,1473.0,21.35
1883,Schwanden bei Brienz,69,582.0,8.43
1441,Münsingen,69,12396.0,179.65
348,Brunegg,69,738.0,10.7
1724,Roches (BE),68,210.0,3.09
1592,Perrefitte,68,450.0,6.62
302,Bonstetten,68,5435.0,79.93
439,Chamoson,68,3721.0,54.72
448,Charrat,68,1734.0,25.5
2370,Zizers,67,3431.0,51.21
1433,Müllheim,67,2939.0,43.87
822,Gelterkinden,67,6013.0,89.75
1760,Rovio,66,834.0,12.64
1688,Remigen,66,1069.0,16.2
1526,Oberried am Brienzersee,66,457.0,6.92
2218,Vollèges,66,1942.0,29.42
994,Holderbank (SO),66,664.0,10.06
336,Bretzwil,66,775.0,11.74
342,Brislach,66,1638.0,24.82
2058,Toffen,66,2553.0,38.68
2277,Warth-Weiningen,65,1260.0,19.38
2000,Stetten (SH),65,1348.0,20.74
1940,Sils im Engadin/Segl,65,714.0,10.98
939,Hausen (AG),65,3491.0,53.71
661,Echichens,65,2642.0,40.65
1049,Ittigen,65,11388.0,175.2
1343,Menziken,65,6066.0,93.32
695,Ennetbaden,65,3415.0,52.54
2155,Vallon,65,412.0,6.34
1512,Oberglatt,64,6981.0,109.08
1617,Ponte Capriasca,64,1884.0,29.44
122,Ballwil,64,2794.0,43.66
1769,Russikon,64,4361.0,68.14
267,Billens-Hennens,64,729.0,11.39
1255,Lucens,63,4069.0,64.59
113,Bad Ragaz,63,5874.0,93.24
370,Buochs,63,5389.0,85.54
1461,Neunforn,63,995.0,15.79
530,Courtelary,62,1366.0,22.03
1998,Steinmaur,62,3464.0,55.87
729,Estavayer,62,9434.0,152.16
1438,Münchenwiler,62,495.0,7.98
497,Conters im Prättigau,62,221.0,3.56
1654,Rapperswil-Jona,62,26962.0,434.87
899,Grosshöchstetten,62,3517.0,56.73
1069,Kallnach,61,1910.0,31.31
2081,Truttikon,61,469.0,7.69
1611,Poliez-Pittet,61,844.0,13.84
1664,Regensdorf,61,18191.0,298.21
1046,Isone,61,384.0,6.3
57,Andelfingen,61,2224.0,36.46
2329,Wittinsburg,61,421.0,6.9
1744,Ropraz,60,439.0,7.32
332,Bremgarten bei Bern,60,4386.0,73.1
2139,Uznach,60,6340.0,105.67
931,Hallau,59,2118.0,35.9
2386,Zwieselberg,59,319.0,5.41
394,Böckten,59,799.0,13.54
407,Büren an der Aare,59,3596.0,60.95
1110,Knonau,59,2168.0,36.75
1365,Mirchel,59,622.0,10.54
1072,Kandergrund,59,798.0,13.53
912,Gunzgen,59,1659.0,28.12
886,Grenchen,59,16985.0,287.88
824,Gempen,58,884.0,15.24
2375,Zufikon,58,4404.0,75.93
1002,Hornussen,58,957.0,16.5
1064,Jussy,58,1264.0,21.79
2122,Unterseen,58,5757.0,99.26
2349,Wölflinswil,58,1027.0,17.71
812,Gaiserwald,58,8437.0,145.47
1098,Kirchberg (BE),58,5909.0,101.88
2388,Zwischbergen,57,78.0,1.37
2294,Wettingen,57,20535.0,360.26
66,Apples,57,1413.0,24.79
1793,Rütschelen,56,568.0,10.14
2083,Trüllikon,56,1064.0,19.0
951,Heimberg,56,6691.0,119.48
53,Ammerswil,55,690.0,12.55
1587,Payerne,55,9486.0,172.47
2156,Vallorbe,55,3750.0,68.18
565,Delley-Portalban,55,1086.0,19.75
1569,Ormont-Dessus,55,1477.0,26.85
413,Büttenhardt,55,360.0,6.55
1214,Les Breuleux,55,1511.0,27.47
2371,Zofingen,54,11560.0,214.07
1859,Schenkon,54,2816.0,52.15
1917,Seltisberg,54,1306.0,24.19
578,Dierikon,54,1481.0,27.43
2351,Würenlingen,54,4618.0,85.52
809,Fürstenau,54,345.0,6.39
1211,Lenzburg,54,9503.0,175.98
1102,Kirchleerau,53,853.0,16.09
80,Arni (AG),53,1868.0,35.25
646,Dättlikon,53,781.0,14.74
2102,Uebeschi,53,667.0,12.58
676,Egolzwil,53,1439.0,27.15
291,Bodio,53,1038.0,19.58
1412,Muriaux,52,504.0,9.69
1649,Ramsen,52,1443.0,27.75
1741,Ronco sopra Ascona,52,603.0,11.6
1575,Orvin,52,1211.0,23.29
2019,Suscévaz,52,199.0,3.83
1205,Leissigen,52,1036.0,19.92
2199,Villarsel-sur-Marly,52,79.0,1.52
1748,Rossa,52,148.0,2.85
2060,Torny,52,896.0,17.23
778,Fläsch,52,691.0,13.29
2039,Teuffenthal (BE),51,156.0,3.06
1503,Oberdorf (BL),51,2430.0,47.65
2304,Wikon,51,1506.0,29.53
289,Blonay,51,6125.0,120.1
447,Chardonne,51,2908.0,57.02
891,Gretzenbach,51,2703.0,53.0
566,Delémont,51,12562.0,246.31
1055,Jens,51,676.0,13.25
441,Champoz,51,159.0,3.12
1132,L'Isle,50,1031.0,20.62
1705,Rickenbach (ZH),50,2701.0,54.02
32,Albinen,50,241.0,4.82
1016,Härkingen,50,1554.0,31.08
849,Gland,50,12997.0,259.94
663,Ecublens (FR),50,332.0,6.64
1525,Obermumpf,50,1051.0,21.02
1393,Morbio Inferiore,49,4597.0,93.82
2103,Ueken,49,906.0,18.49
895,Grolley,49,1945.0,39.69
1895,Schöfflisdorf,49,1394.0,28.45
800,Fräschels,49,461.0,9.41
1698,Rhäzüns,49,1463.0,29.86
1347,Mergoscia,49,216.0,4.41
1334,Meisterschwanden,48,2885.0,60.1
2063,Tramelan,48,4565.0,95.1
1946,Siselen,48,571.0,11.9
106,Avry,48,1864.0,38.83
1911,Seehof,48,65.0,1.35
1767,Rumisberg,48,479.0,9.98
1014,Häggenschwil,48,1310.0,27.29
1462,Neunkirch,48,2131.0,44.4
1043,Iseltwald,47,433.0,9.21
1232,Liesberg,47,1131.0,24.06
1532,Obersiggenthal,47,8663.0,184.32
1201,Le Pâquier (FR),47,1168.0,24.85
2068,Treytorrens (Payerne),47,131.0,2.79
1549,Oeschgen,47,965.0,20.53
717,Erschwil,47,906.0,19.28
1890,Schwendibach,47,247.0,5.26
1427,Möriken-Wildegg,47,4394.0,93.49
858,Gollion,47,901.0,19.17
2054,Thürnen,47,1419.0,30.19
1614,Pomy,47,760.0,16.17
1197,Le Locle,46,10433.0,226.8
1898,Schönenbuch,46,1391.0,30.24
1416,Muzzano,46,804.0,17.48
1475,Niederhünigen,46,612.0,13.3
1114,Koppigen,46,2103.0,45.72
792,Freienwil,46,1035.0,22.5
1642,Péry-La Heutte,46,1919.0,41.72
728,Essertines-sur-Yverdon,45,944.0,20.98
1208,Lengwil,45,1686.0,37.47
298,Boncourt,45,1205.0,26.78
1283,Lüterswil-Gächliwil,45,327.0,7.27
920,Gächlingen,45,828.0,18.4
1459,Neuhausen am Rheinfall,45,10407.0,231.27
2331,Wohlen (AG),45,15824.0,351.64
977,Hildisrieden,45,2214.0,49.2
399,Bözen,44,740.0,16.82
1830,Salmsach,44,1457.0,33.11
167,Bercher,44,1157.0,26.3
1550,Oetwil am See,44,4743.0,107.8
1258,Lugnez,44,182.0,4.14
262,Bichelsee-Balterswil,44,2826.0,64.23
538,Crissier,44,7869.0,178.84
543,Crésuz,44,333.0,7.57
1280,Lüscherz,43,530.0,12.33
1910,Seegräben,43,1443.0,33.56
2205,Villmergen,43,7210.0,167.67
374,Burgdorf,43,16295.0,378.95
34,Alchenstorf,43,589.0,13.7
1494,Nuvilly,43,407.0,9.47
1634,Provence,43,390.0,9.07
1699,Riaz,43,2496.0,58.05
1020,Hölstein,43,2457.0,57.14
1608,Plateau de Diesse,43,2050.0,47.67
881,Grangettes,42,185.0,4.4
2004,Strengelbach,42,4669.0,111.17
2168,Veltheim (AG),42,1447.0,34.45
176,Berlingen,42,884.0,21.05
754,Ferrera,42,79.0,1.88
1820,Saint-Martin (FR),42,1015.0,24.17
2119,Unterlunkhofen,42,1355.0,32.26
1519,Oberhünigen,42,318.0,7.57
314,Boudry,41,5846.0,142.59
1790,Rüti (ZH),41,12086.0,294.78
1716,Ringgenberg (BE),41,2687.0,65.54
382,Busswil bei Melchnau,41,185.0,4.51
1693,Reutigen,41,988.0,24.1
1629,Pregny-Chambésy,41,3794.0,92.54
1048,Itingen,41,2096.0,51.12
1478,Niederried bei Interlaken,41,354.0,8.63
2026,Tamins,40,1201.0,30.02
1659,Rebévelier,40,43.0,1.08
1260,Lully (FR),40,1163.0,29.08
2234,Vétroz,40,6135.0,153.38
373,Burg im Leimental,40,261.0,6.52
1722,Roche (VD),40,1625.0,40.62
1822,Saint-Maurice,40,4566.0,114.15
893,Grindel,40,491.0,12.28
430,Casti-Wergenstein,40,52.0,1.3
403,Bülach,40,19611.0,490.28
1808,Saillon,40,2541.0,63.52
1336,Melchnau,40,1531.0,38.28
973,Hersberg,40,330.0,8.25
879,Granges (Veveyse),40,847.0,21.18
1810,Saint-Barthélemy (VD),39,778.0,19.95
1762,Rubigen,39,2994.0,76.77
1548,Oeschenbach,39,240.0,6.15
479,Chêne-Bourg,39,8559.0,219.46
1050,Jaberg,39,270.0,6.92
1168,Langnau am Albis,39,7502.0,192.36
1150,La Sarraz,39,2586.0,66.31
2369,Zillis-Reischen,39,391.0,10.03
381,Bussnang,39,2268.0,58.15
1567,Ormalingen,38,2176.0,57.26
2203,Villeret,38,932.0,24.53
2237,Wahlen,38,1421.0,37.39
1754,Rothenfluh,38,767.0,20.18
2164,Vaux-sur-Morges,38,199.0,5.24
1216,Les Enfers,38,142.0,3.74
426,Cartigny,38,894.0,23.53
2204,Villigen,38,2043.0,53.76
1298,Mandach,38,344.0,9.05
952,Heimenhausen,38,1099.0,28.92
549,Cugy (VD),38,2730.0,71.84
955,Hellikon,37,797.0,21.54
187,Bettlach,37,4905.0,132.57
668,Egg,37,8405.0,227.16
1730,Rohr (SO),37,95.0,2.57
1745,Rorbas,37,2814.0,76.05
1036,Inkwil,37,617.0,16.68
1135,La Brévine,37,632.0,17.08
1954,Sommeri,37,549.0,14.84
467,Choulex,37,1115.0,30.14
2219,Vordemwald,37,1942.0,52.49
41,Altbüron,37,1013.0,27.38
1886,Schwarzhäusern,37,506.0,13.68
306,Bosco/Gurin,36,55.0,1.53
2002,Stettlen,36,3141.0,87.25
818,Gampelen,36,936.0,26.0
766,Fischbach-Göslikon,36,1630.0,45.28
2275,Wangenried,36,426.0,11.83
97,Auenstein,36,1584.0,44.0
481,Clarmont,35,175.0,5.0
277,Birrwil,35,1186.0,33.89
1543,Obfelden,35,5131.0,146.6
476,Chénens,35,844.0,24.11
1090,Kesswil,35,996.0,28.46
1657,Rebeuvelier,35,379.0,10.83
669,Eggenwil,35,976.0,27.89
396,Bösingen,35,3412.0,97.49
2129,Urmein,35,147.0,4.2
864,Gordola,35,4568.0,130.51
2353,Yens,35,1382.0,39.49
371,Bure,34,685.0,20.15
1467,Niederbuchsiten,34,1142.0,33.59
1558,Onex,34,18825.0,553.68
1136,La Chaux (Cossonay),34,422.0,12.41
964,Herbligen,34,587.0,17.26
2169,Vendlincourt,34,557.0,16.38
508,Corippo,34,14.0,0.41
2066,Trey,34,262.0,7.71
86,Arzier-Le Muids,34,2629.0,77.32
1246,Lommiswil,33,1501.0,45.48
293,Bogis-Bossey,33,900.0,27.27
1683,Reisiswil,33,185.0,5.61
525,Courgevaux,33,1408.0,42.67
2326,Wislikofen,33,358.0,10.85
171,Bergdietikon,33,2751.0,83.36
2011,Suhr,33,9990.0,302.73
1213,Les Brenets,33,1041.0,31.55
633,Dotzigen,33,1501.0,45.48
869,Graben,33,335.0,10.15
1397,Morrens (VD),33,1075.0,32.58
1254,Loveresse,33,326.0,9.88
1306,Marthalen,33,1938.0,58.73
2201,Villaz-Saint-Pierre,33,1285.0,38.94
1784,Rümlingen,32,388.0,12.12
1812,Saint-Brais,32,228.0,7.12
1083,Kappelen,32,1475.0,46.09
2236,Wagenhausen,32,1661.0,51.91
320,Bourrignon,32,267.0,8.34
2006,Stäfa,32,14291.0,446.59
1200,Le Noirmont,32,1845.0,57.66
1979,Stadel,32,2227.0,69.59
1029,Icogne,32,566.0,17.69
1234,Ligerz,32,550.0,17.19
1479,Niederrohrdorf,32,3747.0,117.09
1310,Masein,31,478.0,15.42
474,Châtillon (JU),31,483.0,15.58
287,Bleienbach,31,695.0,22.42
1951,Soazza,31,353.0,11.39
1761,Rovray,31,171.0,5.52
1401,Moutier,31,7586.0,244.71
722,Eschenz,31,1729.0,55.77
1041,Inwil,31,2429.0,78.35
1,Aarau,30,21036.0,701.2
1862,Schinznach,30,2219.0,73.97
854,Glattfelden,30,5069.0,168.97
273,Birmensdorf (ZH),30,6313.0,210.43
352,Brünisried,30,648.0,21.6
1604,Pieterlen,30,4169.0,138.97
842,Gingins,30,1210.0,40.33
1686,Remaufens,30,1086.0,36.2
880,Granges-Paccot,30,3606.0,120.2
959,Hemmiken,30,260.0,8.67
1701,Rickenbach (BL),30,601.0,20.03
173,Berikon,29,4663.0,160.79
658,Echallens,29,5687.0,196.1
1619,Ponthaux,29,723.0,24.93
1140,La Côte-aux-Fées,29,454.0,15.66
2100,Udligenswil,29,2285.0,78.79
1130,L'Abbaye,29,1467.0,50.59
477,Chéserex,28,1237.0,44.18
174,Beringen,28,4656.0,166.29
318,Bourg-en-Lavaux,28,5290.0,188.93
126,Bannwil,28,690.0,24.64
136,Bassersdorf,28,11616.0,414.86
1816,Saint-Imier,28,5121.0,182.89
875,Grandfontaine,28,397.0,14.18
741,Fahy,28,365.0,13.04
455,Chavornay,28,4833.0,172.61
31,Alberswil,28,648.0,23.14
265,Biezwil,28,340.0,12.14
2124,Unterstammheim,28,899.0,32.11
292,Bofflens,28,188.0,6.71
1615,Pont-en-Ogoz,28,1801.0,64.32
1723,Rochefort,28,1237.0,44.18
1434,Mülligen,28,1054.0,37.64
163,Belprahon,28,302.0,10.79
1858,Schelten,27,37.0,1.37
2290,Welschenrohr,27,1082.0,40.07
1493,Nusshof,27,257.0,9.52
1391,Moosleerau,27,903.0,33.44
644,Därligen,27,429.0,15.89
2196,Villars-le-Terroir,27,1066.0,39.48
1149,La Sagne,27,958.0,35.48
872,Grancy,27,408.0,15.11
1156,Lachen,27,8599.0,318.48
974,Herznach,27,1471.0,54.48
1814,Saint-George,27,992.0,36.74
1926,Sergey,26,141.0,5.42
2357,Zeglingen,26,485.0,18.65
77,Arlesheim,26,9287.0,357.19
2150,Valbirse,26,4032.0,155.08
2341,Worben,26,2259.0,86.88
1766,Rumendingen,26,81.0,3.12
2265,Walperswil,26,981.0,37.73
839,Giffers,26,1561.0,60.04
2197,Villars-sous-Yens,26,594.0,22.85
1231,Liedertswil,26,166.0,6.38
1481,Niederwil (AG),26,2850.0,109.62
1192,Le Châtelard,26,385.0,14.81
1443,Müntschemier,26,1342.0,51.62
351,Brügg,25,4283.0,171.32
1918,Selzach,25,3397.0,135.88
346,Brot-Plamboz,25,268.0,10.72
690,Emmen,25,30228.0,1209.12
1442,Münsterlingen,25,3333.0,133.32
1919,Sembrancher,25,1011.0,40.44
1305,Marsens,25,1871.0,74.84
366,Buchs (ZH),25,6359.0,254.36
1804,Safnern,25,1912.0,76.48
260,Biberist,24,8370.0,348.75
1144,La Neuveville,24,3693.0,153.88
73,Arconciel,24,913.0,38.04
2064,Trasadingen,24,603.0,25.12
971,Hermrigen,24,312.0,13.0
2123,Untersiggenthal,24,7224.0,301.0
1687,Remetschwil,24,2104.0,87.67
395,Bönigen,24,2531.0,105.46
101,Autigny,24,792.0,33.0
2317,Willadingen,24,206.0,8.58
137,Bassins,24,1317.0,54.88
170,Berg am Irchel,24,567.0,23.62
1860,Scheuren,24,451.0,18.79
1725,Rodersdorf,24,1313.0,54.71
1606,Plan-les-Ouates,23,10571.0,459.61
548,Cugy (FR),23,1690.0,73.48
191,Beurnevésin,23,127.0,5.52
2170,Venthône,23,1251.0,54.39
59,Andwil (SG),23,1909.0,83.0
2378,Zullwil,23,651.0,28.3
1621,Porrentruy,23,6876.0,298.96
1186,Lavigny,23,1007.0,43.78
1091,Kestenholz,23,1795.0,78.04
1247,Lonay,23,2528.0,109.91
341,Brione sopra Minusio,22,495.0,22.5
567,Denens,22,767.0,34.86
1097,Kippel,22,340.0,15.45
2099,Tübach,22,1418.0,64.45
1719,Riva San Vitale,22,2627.0,119.41
432,Celerina/Schlarigna,22,1499.0,68.14
299,Bonfol,22,665.0,30.23
1120,Kriegstetten,22,1282.0,58.27
1370,Mollens (VD),22,293.0,13.32
1219,Les Planchettes,21,205.0,9.76
437,Cham,21,16216.0,772.19
1616,Pont-la-Ville,21,584.0,27.81
539,Croglio,21,875.0,41.67
2117,Unterkulm,21,3027.0,144.14
151,Beinwil am See,21,3117.0,148.43
903,Gryon,21,1375.0,65.48
2093,Tägerig,21,1519.0,72.33
275,Birr,21,4522.0,215.33
2372,Zollikofen,21,10235.0,487.38
460,Chevilly,21,296.0,14.1
845,Gisikon,21,1287.0,61.29
835,Geuensee,21,2906.0,138.38
1437,Münchenstein,21,12119.0,577.1
2337,Wolfwil,21,2144.0,102.1
131,Basadingen-Schlattingen,21,1815.0,86.43
1096,Killwangen,21,1981.0,94.33
1190,Le Cerneux-Péquignot,21,329.0,15.67
512,Cornol,21,1050.0,50.0
1281,Lüsslingen-Nennigkofen,21,1062.0,50.57
102,Auw,20,2064.0,103.2
1210,Lens,20,4047.0,202.35
877,Grandval,20,387.0,19.35
1583,Pailly,20,534.0,26.7
984,Hittnau,20,3604.0,180.2
1853,Schafisheim,20,3071.0,153.55
1850,Saxon,20,5645.0,282.25
2173,Vernier,20,34983.0,1749.15
127,Bardonnex,20,2244.0,112.2
1087,Kernenried,20,539.0,26.95
2279,Wasterkingen,20,562.0,28.1
536,Cressier (FR),20,942.0,47.1
459,Chessel,20,395.0,19.75
391,Bätterkinden,19,3242.0,170.63
692,Endingen,19,2584.0,136.0
386,Buttwil,19,1210.0,63.68
1530,Oberrüti,19,1575.0,82.89
1204,Leimbach (AG),19,475.0,25.0
1728,Roggwil (BE),19,3996.0,210.32
359,Buchberg,19,823.0,43.32
2206,Villnachern,19,1624.0,85.47
773,Flerden,19,247.0,13.0
1553,Ogens,19,295.0,15.53
2384,Zuzwil (SG),19,4816.0,253.47
1682,Reinach (BL),19,19021.0,1001.11
1151,La Sonnaz,19,1092.0,57.47
516,Corsier-sur-Vevey,19,3420.0,180.0
78,Arnex-sur-Nyon,19,223.0,11.74
1473,Niederhasli,18,9195.0,510.83
629,Dorf,18,629.0,34.94
774,Flims,18,2722.0,151.22
1188,Lax,18,295.0,16.39
724,Eschlikon,18,4309.0,239.39
1934,Siglistorf,18,636.0,35.33
1711,Riehen,18,20895.0,1160.83
808,Füllinsdorf,18,4404.0,244.67
700,Ependes (FR),18,1117.0,62.06
1776,Rüdlingen,18,749.0,41.61
1142,La Folliaz,18,971.0,53.94
1327,Meienried,18,53.0,2.94
1873,Schmerikon,18,3738.0,207.67
703,Epsach,18,326.0,18.11
1034,Inden,17,110.0,6.47
1961,Sorvilier,17,285.0,16.76
1472,Niedergösgen,17,3831.0,225.35
1949,Sisseln,17,1564.0,92.0
1218,Les Montets,17,1423.0,83.71
132,Basel,17,171017.0,10059.82
2071,Trient,17,174.0,10.24
449,Chavannes-de-Bogis,17,1305.0,76.76
1764,Rue,17,1500.0,88.24
532,Courtételle,17,2547.0,149.82
501,Corbières,17,857.0,50.41
642,Däniken,17,2776.0,163.29
2025,Tafers,17,3330.0,195.88
797,Frick,17,5319.0,312.88
2167,Vellerat,17,71.0,4.18
1584,Pampigny,16,1118.0,69.88
1352,Messen,16,1484.0,92.75
1538,Oberwil (BL),16,11245.0,702.81
1896,Schöftland,16,4239.0,264.94
1869,Schlierbach,16,840.0,52.5
1835,Sant'Antonino,16,2452.0,153.25
129,Bargen (SH),16,302.0,18.88
2389,Zäziwil,16,1637.0,102.31
1337,Melide,16,1806.0,112.88
963,Herbetswil,16,541.0,33.81
1235,Lignerolle,16,405.0,25.31
1482,Niederönz,16,1694.0,105.88
660,Echarlens,15,802.0,53.47
1189,Le Bémont (JU),15,314.0,20.93
1045,Islisberg,15,632.0,42.13
1955,Sonceboz-Sombeval,15,1922.0,128.13
554,Dachsen,15,1998.0,133.2
1824,Saint-Prex,15,5687.0,379.13
1706,Riddes,15,3035.0,202.33
37,Allmendingen,15,577.0,38.47
128,Bargen (BE),15,1004.0,66.93
1266,Lupsingen,15,1405.0,93.67
2380,Zunzgen,15,2498.0,166.53
1875,Schmitten (FR),15,4072.0,271.47
1577,Ossingen,15,1456.0,97.07
1864,Schlatt (TG),15,1665.0,111.0
1384,Montfaucon,15,629.0,41.93
635,Drei Höfe,15,731.0,48.73
2316,Wiliberg,15,167.0,11.13
26,Agiez,15,291.0,19.4
1787,Rüschlikon,15,5744.0,382.93
2029,Tavannes,15,3597.0,239.8
522,Courchapoix,15,444.0,29.6
2096,Täuffelen,15,2805.0,187.0
1071,Kammersrohr,14,30.0,2.14
667,Egerkingen,14,3527.0,251.93
621,Dittingen,14,740.0,52.86
1300,Maracon,14,449.0,32.07
107,Avully,14,1761.0,125.79
13,Aedermannsdorf,14,556.0,39.71
493,Comano,14,2083.0,148.79
1726,Roggenburg,14,281.0,20.07
2163,Vaulruz,14,1045.0,74.64
1297,Mammern,14,653.0,46.64
1104,Kleinandelfingen,14,2067.0,147.64
1483,Nods,14,740.0,52.86
1865,Schlatt (ZH),14,745.0,53.21
141,Bavois,14,940.0,67.14
319,Bournens,14,372.0,26.57
1424,Mönthal,14,388.0,27.71
1487,Novalles,14,101.0,7.21
1547,Oensingen,13,6263.0,481.77
159,Belmont-Broye,13,5402.0,415.54
2269,Walterswil (SO),13,696.0,53.54
168,Berg (SG),13,843.0,64.85
387,Buus,13,999.0,76.85
1838,Sarmenstorf,13,2851.0,219.31
98,Augst,13,1001.0,77.0
1710,Riedholz,13,2296.0,176.62
50,Altwis,13,411.0,31.62
495,Concise,13,961.0,73.92
873,Grandcour,13,889.0,68.38
2273,Wangen bei Olten,13,5087.0,391.31
100,Auswil,13,450.0,34.62
38,Allschwil,12,20695.0,1724.58
2298,Widen,12,3651.0,304.25
747,Fehren,12,594.0,49.5
552,Curtilles,12,309.0,25.75
1423,Mönchaltorf,12,3701.0,308.42
2225,Vufflens-la-Ville,12,1252.0,104.33
462,Chexbres,12,2253.0,187.75
2007,Stüsslingen,12,1062.0,88.5
1279,Löhningen,12,1444.0,120.33
451,Chavannes-le-Chêne,12,300.0,25.0
2222,Vuadens,12,2296.0,191.33
1471,Niederglatt,12,4914.0,409.5
1116,Krattigen,12,1124.0,93.67
1768,Rupperswil,11,5388.0,489.82
1845,Saules (BE),11,157.0,14.27
507,Corgémont,11,1669.0,151.73
1111,Knutwil,11,2154.0,195.82
1303,Marly,11,8185.0,744.09
945,Hauterive (NE),11,2639.0,239.91
2314,Wiler bei Utzenstorf,11,925.0,84.09
1139,La Chaux-du-Milieu,11,499.0,45.36
114,Bad Zurzach,11,4165.0,378.64
11,Adlikon,11,666.0,60.55
647,Démoret,11,126.0,11.45
1463,Neyruz (FR),11,2587.0,235.18
62,Anwil,11,581.0,52.82
3,Aarburg,11,7854.0,714.0
1933,Sierre,11,16817.0,1528.82
2127,Urdorf,11,9657.0,877.91
2195,Villars-le-Comte,11,143.0,13.0
1695,Rheinau,11,1302.0,118.36
2008,Subingen,11,3102.0,282.0
1390,Montricher,10,964.0,96.4
457,Cheseaux-Noréaz,10,669.0,66.9
1641,Pura,10,1398.0,139.8
363,Buchrain,10,6192.0,619.2
801,Fulenbach,10,1742.0,174.2
518,Cortébert,10,700.0,70.0
699,Epalinges,10,9326.0,932.6
2034,Tentlingen,10,1323.0,132.3
745,Farnern,10,208.0,20.8
760,Fiesch,10,901.0,90.1
270,Bioggio,10,2648.0,264.8
2137,Uttwil,10,1858.0,185.8
1697,Rheinfelden,10,13337.0,1333.7
1936,Signy-Avenex,10,542.0,54.2
1010,Hunzenschwil,10,3954.0,395.4
324,Boécourt,10,916.0,91.6
1533,Oberstammheim,10,1191.0,119.1
108,Avusy,10,1405.0,140.5
2230,Vulliens,10,466.0,46.6
840,Gilly,10,1235.0,123.5
264,Biel/Bienne,10,54456.0,5445.6
837,Giebenach,10,1039.0,103.9
579,Diessbach bei Büren,9,992.0,110.22
1175,Laufen-Uhwiesen,9,1650.0,183.33
1203,Leibstadt,9,1283.0,142.56
454,Chavannes-sur-Moudon,9,223.0,24.78
861,Gondiswil,9,733.0,81.44
443,Champvent,9,651.0,72.33
622,Dizy,9,222.0,24.67
1831,Salvan,9,1394.0,154.89
1225,Leutwil,9,772.0,85.78
1221,Les Verrières,9,706.0,78.44
2387,Zwingen,9,2274.0,252.67
1367,Missy,9,359.0,39.89
490,Collonge-Bellerive,9,8067.0,896.33
1819,Saint-Léonard,9,2263.0,251.44
1941,Silvaplana,9,1054.0,117.11
921,Gänsbrunnen,9,91.0,10.11
1426,Mörigen,9,858.0,95.33
1963,Soyhières,8,462.0,57.75
542,Crémines,8,532.0,66.5
17,Aesch (LU),8,1141.0,142.62
1057,Jongny,8,1488.0,186.0
1171,Lantsch/Lenz,8,538.0,67.25
488,Collina d'Oro,8,4656.0,582.0
1913,Seengen,8,3854.0,481.75
1524,Oberlunkhofen,8,1978.0,247.25
1282,Lüterkofen-Ichertswil,8,783.0,97.88
2266,Waltalingen,8,657.0,82.12
313,Bottmingen,8,6528.0,816.0
730,Etagnières,8,1120.0,140.0
1403,Muhen,8,3879.0,484.88
417,Cadenazzo,8,2855.0,356.88
1626,Prangins,8,4062.0,507.75
574,Diemerswil,8,199.0,24.88
1007,Hubersdorf,8,742.0,92.75
1123,Kölliken,8,4336.0,542.0
1603,Pierrafortscha,8,148.0,18.5
1420,Ménières,8,410.0,51.25
2028,Tartegnin,7,236.0,33.71
1476,Niederlenz,7,4685.0,669.29
1610,Pohlern,7,257.0,36.71
445,Chancy,7,1647.0,235.29
472,Châtel-sur-Montsalvens,7,276.0,39.43
473,Châtillon (FR),7,459.0,65.57
124,Balsthal,7,6099.0,871.29
1737,Romanshorn,7,10803.0,1543.29
826,Genolier,7,1930.0,275.71
1318,Mattstetten,7,566.0,80.86
23,Affoltern am Albis,7,11900.0,1700.0
494,Commugny,7,2824.0,403.43
806,Féchy,7,892.0,127.43
160,Belmont-sur-Lausanne,7,3555.0,507.86
515,Corsier (GE),7,2029.0,289.86
2114,Unterengstringen,7,3758.0,536.86
1226,Leuzigen,7,1250.0,178.57
1331,Meinier,7,2146.0,306.57
581,Dietikon,7,27076.0,3868.0
1777,Rüdtligen-Alchenflüh,7,2423.0,346.14
1404,Mumpf,7,1392.0,198.86
6,Abtwil,7,997.0,142.43
138,Bauen,7,164.0,23.43
2282,Wauwil,6,2130.0,355.0
923,Gündlischwand,6,317.0,52.83
1267,Lussery-Villars,6,460.0,76.67
1215,Les Clées,6,176.0,29.33
2312,Wilen (TG),6,2490.0,415.0
625,Dompierre (VD),6,242.0,40.33
972,Herrliberg,6,6300.0,1050.0
400,Büetigen,6,859.0,143.17
392,Bättwil,6,1195.0,199.17
93,Attiswil,6,1428.0,238.0
271,Bioley-Magnoux,6,230.0,38.33
956,Hellsau,6,206.0,34.33
2021,Syens,6,146.0,24.33
1663,Regensberg,6,472.0,78.67
123,Balm bei Günsberg,6,203.0,33.83
157,Bellmund,6,1619.0,269.83
261,Biberstein,6,1545.0,257.5
1792,Rüti bei Lyssach,6,161.0,26.83
263,Biel-Benken,6,3408.0,568.0
1510,Oberentfelden,6,7743.0,1290.5
564,Deitingen,6,2224.0,370.67
1660,Recherswil,6,1932.0,322.0
333,Brenzikofen,6,495.0,82.5
514,Corserey,6,409.0,68.17
769,Fisibach,6,458.0,76.33
1507,Oberembrach,6,1069.0,178.17
305,Borex,6,1121.0,186.83
980,Hindelbank,6,2458.0,409.67
1118,Kreuzlingen,5,21560.0,4312.0
1338,Mellikon,5,256.0,51.2
814,Galmiz,5,672.0,134.4
452,Chavannes-le-Veyron,5,143.0,28.6
1541,Oberwil-Lieli,5,2313.0,462.6
383,Bussy-Chardonney,5,370.0,74.0
1350,Merzligen,5,405.0,81.0
1770,Russin,5,540.0,108.0
1496,Nürensdorf,5,5600.0,1120.0
2110,Uitikon,5,4155.0,831.0
947,Hedingen,5,3687.0,737.4
316,Boulens,5,368.0,73.6
1321,Mauborget,5,123.0,24.6
1371,Molondin,5,218.0,43.6
1930,Seuzach,5,7265.0,1453.0
1174,Laufen,5,5535.0,1107.0
665,Ederswiler,5,112.0,22.4
1825,Saint-Saphorin (Lavaux),5,393.0,78.6
546,Cudrefin,5,1557.0,311.4
334,Bretigny-sur-Morrens,5,818.0,163.6
868,Goumoëns,5,1050.0,210.0
1518,Oberhofen am Thunersee,5,2423.0,484.6
1758,Rougemont,5,895.0,179.0
1196,Le Lieu,5,873.0,174.6
2367,Zielebach,5,312.0,62.4
770,Fislisbach,5,5526.0,1105.2
1447,Neerach,5,3128.0,625.6
929,Hagneck,5,413.0,82.6
2086,Tschugg,5,440.0,88.0
857,Goldach,5,9052.0,1810.4
1240,Locarno,5,16122.0,3224.4
1158,Lajoux (JU),5,669.0,133.8
1609,Pleigne,5,344.0,68.8
823,Geltwil,4,199.0,49.75
175,Berken,4,43.0,10.75
111,Bachenbülach,4,4087.0,1021.75
825,Gempenach,4,297.0,74.25
1559,Onnens (VD),4,500.0,125.0
659,Echandens,4,2738.0,684.5
1369,Moiry,4,304.0,76.0
1101,Kirchenthurnen,4,280.0,70.0
1440,Münchwilen (TG),4,5377.0,1344.25
1449,Neggio,4,331.0,82.75
27,Agno,4,4518.0,1129.5
401,Bühl,4,438.0,109.5
641,Dällikon,4,4080.0,1020.0
732,Ettingen,4,5041.0,1260.25
2171,Vernate,4,582.0,145.5
2001,Stettfurt,4,1196.0,299.0
781,Fontaines-sur-Grandson,4,200.0,50.0
7,Aclens,4,521.0,130.25
145,Bedigliora,4,644.0,161.0
1382,Monteggio,4,896.0,224.0
726,Essertes,4,335.0,83.75
2336,Wolfisberg,4,184.0,46.0
919,Gy,4,483.0,120.75
16,Aesch (BL),4,10184.0,2546.0
55,Amsoldingen,4,802.0,200.5
986,Hochdorf,4,9814.0,2453.5
1147,La Rippe,4,1158.0,289.5
687,Elsau,4,3558.0,889.5
1534,Obersteckholz,4,414.0,103.5
358,Buch am Irchel,4,957.0,239.25
838,Giez,4,412.0,103.0
1093,Kiesen,4,937.0,234.25
1646,Rafz,4,4400.0,1100.0
139,Baulmes,4,1057.0,264.25
1259,Luins,4,624.0,156.0
2053,Thörigen,3,1117.0,372.33
1185,Lavey-Morcles,3,926.0,308.67
1315,Mathon,3,51.0,17.0
2030,Tecknau,3,858.0,286.0
638,Dulliken,3,4910.0,1636.67
1561,Opfikon,3,19599.0,6533.0
315,Bougy-Villars,3,472.0,157.33
2359,Zeiningen,3,2278.0,759.33
2140,Uzwil,3,12816.0,4272.0
461,Chevroux,3,446.0,148.67
1396,Morlon,3,587.0,195.67
584,Dinhard,3,1534.0,511.33
1042,Ipsach,3,4015.0,1338.33
276,Birrhard,3,695.0,231.67
1105,Kleinbösingen,3,641.0,213.67
475,Châtonnaye,3,823.0,274.33
1495,Nyon,3,20272.0,6757.33
2383,Zuzwil (BE),3,572.0,190.67
1385,Montherod,3,515.0,171.67
1870,Schlieren,3,18749.0,6249.67
1309,Maschwanden,3,626.0,208.67
1436,Münchenbuchsee,3,10122.0,3374.0
1030,Iffwil,3,422.0,140.67
88,Assens,3,1058.0,352.67
1376,Mont-sur-Rolle,3,2693.0,897.67
1780,Rüfenach,3,869.0,289.67
1707,Ried bei Kerzers,3,1159.0,386.33
1271,Lutry,3,9891.0,3297.0
300,Boningen,3,770.0,256.67
731,Etoy,3,2916.0,972.0
1703,Rickenbach (SO),3,904.0,301.33
1566,Origlio,2,1466.0,733.0
1636,Prévondavaux,2,69.0,34.5
1451,Nenzlingen,2,430.0,215.0
1572,Orpund,2,2727.0,1363.5
411,Büsserach,2,2251.0,1125.5
2216,Volken,2,341.0,170.5
1194,Le Grand-Saconnex,2,12075.0,6037.5
1580,Othmarsingen,2,2721.0,1360.5
2198,Villars-sur-Glâne,2,12128.0,6064.0
1357,Mex (VD),2,709.0,354.5
1229,Lichtensteig,2,1907.0,953.5
970,Hermenches,2,379.0,189.5
165,Benken (ZH),2,857.0,428.5
1191,Le Chenit,2,4670.0,2335.0
744,Faoug,2,879.0,439.5
1339,Mellingen,2,5369.0,2684.5
1368,Miège,2,1354.0,677.0
519,Cossonay,2,3642.0,1821.0
2097,Tévenon,2,790.0,395.0
1925,Seon,2,5127.0,2563.5
1439,Münchwilen (AG),2,911.0,455.5
1138,La Chaux-des-Breuleux,2,100.0,50.0
354,Brütten,2,2030.0,1015.0
1785,Rünenberg,2,777.0,388.5
2120,Unterramsern,2,207.0,103.5
1734,Romainmôtier-Envy,2,547.0,273.5
1383,Montet (Glâne),2,389.0,194.5
1867,Schleinikon,2,726.0,363.0
1809,Saint-Aubin (FR),2,1706.0,853.0
1253,Lovatens,2,143.0,71.5
377,Bursins,2,768.0,384.0
1849,Saxeten,2,98.0,49.0
2347,Wäldi,2,1049.0,524.5
1750,Rossenges,2,60.0,30.0
1429,Mötschwil,2,134.0,67.0
1757,Rottenschwil,2,790.0,395.0
1579,Otelfingen,2,2837.0,1418.5
79,Arnex-sur-Orbe,2,630.0,315.0
798,Froideville,2,2462.0,1231.0
72,Arch,2,1540.0,770.0
2188,Veysonnaz,2,611.0,305.5
2302,Wiggiswil,2,98.0,49.0
1736,Romanel-sur-Morges,1,478.0,478.0
553,Céligny,1,766.0,766.0
2192,Vico Morcote,0,382.0,inf
568,Denges,0,1625.0,inf
2189,Veytaux,0,874.0,inf
570,Derendingen,0,6437.0,inf
2190,Vezia,0,1971.0,inf
2154,Valeyres-sous-Ursins,0,247.0,inf
2191,Vich,0,980.0,inf
551,Curio,0,546.0,inf
550,Cureglia,0,1359.0,inf
1590,Penthéréaz,0,412.0,inf
1023,Hüniken,0,100.0,inf
1591,Perly-Certoux,0,3028.0,inf
573,Dielsdorf,0,5992.0,inf
2152,Valeyres-sous-Montagny,0,692.0,inf
1314,Mathod,0,616.0,inf
2193,Villars-Epeney,0,105.0,inf
2149,Valangin,0,506.0,inf
576,Diepflingen,0,746.0,inf
2194,Villars-Sainte-Croix,0,845.0,inf
440,Champagne,0,1028.0,inf
1299,Manno,0,1318.0,inf
1589,Penthaz,0,1698.0,inf
2159,Vandoeuvres,0,2521.0,inf
1112,Koblenz,0,1632.0,inf
2184,Vevey,0,19780.0,inf
1304,Maroggia,0,664.0,inf
1586,Paudex,0,1478.0,inf
1302,Marchissy,0,435.0,inf
1585,Paradiso,0,4152.0,inf
1021,Höri,0,2706.0,inf
2174,Versoix,0,13247.0,inf
2209,Vinelz,0,854.0,inf
2202,Villeneuve (VD),0,5573.0,inf
1593,Perroy,0,1459.0,inf
1588,Penthalaz,0,3247.0,inf
438,Chamblon,0,547.0,inf
1595,Peseux,0,5926.0,inf
558,Dalpe,0,192.0,inf
345,Broc,0,2632.0,inf
1599,Pfungen,0,3769.0,inf
2210,Vinzel,0,352.0,inf
2200,Villarzel,0,423.0,inf
450,Chavannes-des-Bois,0,938.0,inf
563,Deisswil bei Münchenbuchsee,0,86.0,inf
2186,Veyras,0,1804.0,inf
1008,Humlikon,0,496.0,inf
1511,Obergerlafingen,0,1137.0,inf
556,Daillens,0,958.0,inf
1311,Massagno,0,6195.0,inf
1243,Lohn-Ammannsegg,0,2772.0,inf
544,Cuarnens,0,481.0,inf
1095,Kilchberg (ZH),0,8380.0,inf
1276,Lyss,0,14706.0,inf
485,Coinsins,0,491.0,inf
2324,Winznau,0,1827.0,inf
486,Coldrerio,0,2892.0,inf
487,Collex-Bossy,0,1671.0,inf
185,Bettens,0,583.0,inf
1537,Oberweningen,0,1786.0,inf
491,Collonges,0,750.0,inf
1094,Kilchberg (BL),0,157.0,inf
492,Cologny,0,5461.0,inf
2328,Witterswil,0,1486.0,inf
2373,Zollikon,0,12791.0,inf
2374,Zuchwil,0,8842.0,inf
192,Bever,0,616.0,inf
453,Chavannes-près-Renens,0,7585.0,inf
181,Berolle,0,302.0,inf
496,Confignon,0,4587.0,inf
499,Coppet,0,3151.0,inf
500,Corbeyrier,0,440.0,inf
503,Corcelles-Cormondrèche,0,4732.0,inf
482,Clavaleyres,0,49.0,inf
1261,Lully (VD),0,787.0,inf
505,Corcelles-près-Concise,0,381.0,inf
458,Cheseaux-sur-Lausanne,0,4366.0,inf
1065,Kaiseraugst,0,5572.0,inf
1527,Oberrieden,0,5035.0,inf
446,Chapelle (Glâne),0,277.0,inf
464,Chiasso,0,8331.0,inf
465,Chigny,0,341.0,inf
2355,Yvonand,0,3250.0,inf
2354,Yverdon-les-Bains,0,29977.0,inf
1061,Jouxtens-Mézery,0,1447.0,inf
466,Chippis,0,1615.0,inf
186,Bettingen,0,1158.0,inf
480,Chêne-Pâquier,0,139.0,inf
1268,Lussy-sur-Morges,0,645.0,inf
1269,Luterbach,0,3506.0,inf
15,Aegerten,0,2011.0,inf
1262,Lumino,0,1448.0,inf
1066,Kaiserstuhl,0,414.0,inf
478,Chêne-Bougeries,0,11489.0,inf
1252,Lotzwil,0,2557.0,inf
19,Aeschi (SO),0,1213.0,inf
1249,Losone,0,6612.0,inf
504,Corcelles-le-Jorat,0,427.0,inf
330,Bremblens,0,517.0,inf
1024,Hüntwangen,0,1025.0,inf
541,Croy,0,351.0,inf
2262,Wallisellen,0,15934.0,inf
2261,Wallbach,0,1920.0,inf
29,Aire-la-Ville,0,1163.0,inf
1486,Novaggio,0,843.0,inf
537,Cressier (NE),0,1921.0,inf
301,Boniswil,0,1390.0,inf
35,Allaman,0,435.0,inf
1291,Magliaso,0,1594.0,inf
540,Cronay,0,376.0,inf
1514,Obergösgen,0,2199.0,inf
2264,Walliswil bei Wangen,0,594.0,inf
2231,Vullierens,0,460.0,inf
1573,Orselina,0,767.0,inf
2229,Vuiteboeuf,0,562.0,inf
1484,Noréaz,0,652.0,inf
2227,Vugelles-La Mothe,0,134.0,inf
2226,Vufflens-le-Château,0,843.0,inf
1026,Hüttikon,0,920.0,inf
2224,Vucherens,0,557.0,inf
1576,Orzens,0,201.0,inf
2263,Walliswil bei Niederbipp,0,211.0,inf
1242,Lohn (SH),0,765.0,inf
1277,Lyssach,0,1430.0,inf
517,Cortaillod,0,4777.0,inf
1551,Oetwil an der Limmat,0,2451.0,inf
509,Corminboeuf,0,2454.0,inf
510,Cormoret,0,480.0,inf
511,Cornaux,0,1594.0,inf
513,Corseaux,0,2220.0,inf
2292,Wenslingen,0,709.0,inf
2379,Zumikon,0,5158.0,inf
582,Dietlikon,0,7568.0,inf
2286,Weiach,0,1483.0,inf
1556,Olten,0,18166.0,inf
1081,Kappel (SO),0,3157.0,inf
1040,Interlaken,0,5673.0,inf
442,Champtauroz,0,130.0,inf
529,Courtedoux,0,761.0,inf
2274,Wangen-Brüttisellen,0,7860.0,inf
1562,Oppens,0,186.0,inf
1563,Oppligen,0,654.0,inf
1565,Orges,0,292.0,inf
534,Crans-près-Céligny,0,2193.0,inf
535,Crassier,0,1201.0,inf
2288,Weiningen (ZH),0,4770.0,inf
1145,La Praz,0,159.0,inf
583,Dietwil,0,1310.0,inf
117,Baldingen,0,275.0,inf
807,Fétigny,0,978.0,inf
1713,Rietheim,0,740.0,inf
384,Bussy-sur-Moudon,0,208.0,inf
1717,Riniken,0,1486.0,inf
1720,Rivaz,0,358.0,inf
828,Genève,0,198979.0,inf
830,Gerlafingen,0,5065.0,inf
831,Geroldswil,0,4958.0,inf
357,Buch (SH),0,313.0,inf
1375,Mont-la-Ville,0,400.0,inf
115,Baden,0,19222.0,inf
1891,Schwerzenbach,0,5069.0,inf
1924,Senèdes,0,157.0,inf
118,Balerna,0,3385.0,inf
1378,Montagny-près-Yverdon,0,734.0,inf
121,Ballens,0,509.0,inf
274,Birmenstorf (AG),0,2967.0,inf
1380,Montcherand,0,471.0,inf
1881,Schwaderloch,0,684.0,inf
843,Giornico,0,879.0,inf
847,Givisiez,0,3178.0,inf
1876,Schmitten (GR),0,245.0,inf
1733,Rolle,0,6168.0,inf
848,Givrins,0,1020.0,inf
1922,Senarclens,0,459.0,inf
1928,Servion,0,1919.0,inf
2141,Vacallo,0,3407.0,inf
1181,Lausen,0,5054.0,inf
1685,Rekingen (AG),0,1003.0,inf
1131,L'Abergement,0,240.0,inf
775,Flumenthal,0,964.0,inf
962,Henniez,0,334.0,inf
961,Henggart,0,2242.0,inf
1690,Renens (VD),0,20523.0,inf
1959,Sorengo,0,1783.0,inf
1958,Soral,0,767.0,inf
777,Flurlingen,0,1434.0,inf
1691,Rennaz,0,853.0,inf
960,Hendschiken,0,1208.0,inf
1952,Solothurn,0,16697.0,inf
1704,Rickenbach (TG),0,2773.0,inf
1364,Minusio,0,7268.0,inf
393,Böbikon,0,170.0,inf
785,Founex,0,3720.0,inf
1694,Reverolle,0,371.0,inf
1696,Rheineck,0,3452.0,inf
1177,Laupen,0,3125.0,inf
1509,Oberengstringen,0,6611.0,inf
794,Frenkendorf,0,6507.0,inf
389,Bäriswil,0,1054.0,inf
272,Bioley-Orjulaz,0,477.0,inf
958,Hemishofen,0,472.0,inf
380,Bussigny,0,8268.0,inf
1735,Romanel-sur-Lausanne,0,3345.0,inf
378,Burtigny,0,359.0,inf
1411,Muri bei Bern,0,13037.0,inf
281,Bissone,0,905.0,inf
1813,Saint-Cergue,0,2497.0,inf
1811,Saint-Blaise,0,3232.0,inf
1405,Muntelier,0,953.0,inf
1157,Laconnex,0,654.0,inf
278,Birsfelden,0,10469.0,inf
367,Buckten,0,696.0,inf
874,Grandevent,0,232.0,inf
1408,Muralto,0,2686.0,inf
876,Grandson,0,3316.0,inf
1763,Rudolfstetten-Friedlisberg,0,4489.0,inf
1152,La Tour-de-Peilz,0,11652.0,inf
1863,Schinznach-Bad,0,1321.0,inf
1765,Rueyres,0,270.0,inf
883,Gravesano,0,1299.0,inf
884,Greifensee,0,5381.0,inf
885,Grellingen,0,1850.0,inf
1414,Mutrux,0,162.0,inf
887,Greng,0,175.0,inf
369,Bullet,0,629.0,inf
146,Bedretto,0,109.0,inf
889,Grens,0,380.0,inf
1782,Rümlang,0,8026.0,inf
148,Begnins,0,1884.0,inf
1818,Saint-Légier-La Chiésaz,0,5126.0,inf
1160,Lamone,0,1785.0,inf
871,Grancia,0,526.0,inf
364,Buchs (AG),0,7911.0,inf
362,Buchillon,0,622.0,inf
1166,Langendorf,0,3732.0,inf
855,Gletterens,0,1033.0,inf
933,Halten,0,873.0,inf
1388,Montpreveyres,0,621.0,inf
1742,Rongellen,0,61.0,inf
1848,Savosa,0,2212.0,inf
376,Bursinel,0,487.0,inf
927,Habsburg,0,424.0,inf
1430,Mühlau,0,1096.0,inf
1844,Saulcy,0,249.0,inf
1162,Lancy,0,31661.0,inf
1842,Saubraz,0,424.0,inf
1746,Rorschach,0,9408.0,inf
1749,Rossemaison,0,653.0,inf
1392,Moosseedorf,0,3975.0,inf
867,Gottlieben,0,326.0,inf
1752,Rothenbrunnen,0,304.0,inf
1394,Morcote,0,755.0,inf
1395,Morges,0,15889.0,inf
154,Bellevue,0,3348.0,inf
372,Burg (AG),0,1019.0,inf
1826,Saint-Sulpice (VD),0,4148.0,inf
1968,Spreitenbach,0,11531.0,inf
1361,Mies,0,1989.0,inf
771,Flaach,0,1362.0,inf
662,Eclépens,0,1036.0,inf
1630,Premier,0,196.0,inf
68,Arbaz,0,1219.0,inf
1631,Presinge,0,649.0,inf
1632,Prez-vers-Noréaz,0,1043.0,inf
649,Döttingen,0,3864.0,inf
427,Caslano,0,4373.0,inf
2090,Turgi,0,3031.0,inf
71,Arbon,0,14340.0,inf
656,Ebikon,0,13313.0,inf
1633,Prilly,0,12063.0,inf
1635,Préverenges,0,5292.0,inf
347,Brugg,0,11204.0,inf
2065,Treiten,0,426.0,inf
74,Ardon,0,3076.0,inf
995,Holziken,0,1320.0,inf
664,Ecublens (VD),0,12342.0,inf
1639,Pully,0,17972.0,inf
1202,Le Vaud,0,1265.0,inf
153,Bellach,0,5239.0,inf
1335,Melano,0,1457.0,inf
1640,Puplinge,0,2345.0,inf
425,Carouge (GE),0,21868.0,inf
421,Canobbio,0,2121.0,inf
1464,Nidau,0,6891.0,inf
67,Aranno,0,368.0,inf
268,Binn,0,144.0,inf
1207,Lengnau (BE),0,5071.0,inf
1324,Mauraz,0,53.0,inf
1004,Horriwil,0,870.0,inf
1001,Horn,0,2604.0,inf
2136,Uttigen,0,1959.0,inf
1613,Pompaples,0,860.0,inf
2134,Urtenen-Schönbühl,0,6216.0,inf
2132,Ursins,0,210.0,inf
1316,Matran,0,1533.0,inf
999,Honau,0,363.0,inf
1618,Ponte Tresa,0,813.0,inf
630,Dornach,0,6611.0,inf
1620,Pontresina,0,2197.0,inf
632,Dottikon,0,3891.0,inf
1622,Port,0,3532.0,inf
634,Dozwil,0,728.0,inf
1624,Porza,0,1612.0,inf
637,Duillier,0,1070.0,inf
2111,Ulmiz,0,424.0,inf
639,Dully,0,638.0,inf
2107,Uetikon am See,0,6076.0,inf
640,Dägerlen,0,999.0,inf
1627,Prato (Leventina),0,424.0,inf
1628,Pratteln,0,16153.0,inf
643,Dänikon,0,1884.0,inf
2067,Treycovagnes,0,445.0,inf
987,Hochfelden,0,1962.0,inf
1973,St. Moritz,0,5084.0,inf
1993,Stein am Rhein,0,3421.0,inf
2013,Sullens,0,976.0,inf
321,Boussens,0,980.0,inf
738,Eysins,0,1521.0,inf
1662,Reconvilier,0,2347.0,inf
2005,Studen (BE),0,3256.0,inf
1354,Mettembert,0,112.0,inf
743,Falera,0,608.0,inf
1997,Steinhausen,0,9735.0,inf
969,Hermance,0,1014.0,inf
349,Brusino Arsizio,0,495.0,inf
1994,Steinach,0,3568.0,inf
749,Feldbrunnen-St. Niklaus,0,982.0,inf
2059,Tolochenaz,0,1866.0,inf
753,Ferpicloz,0,277.0,inf
1987,Staufen,0,3160.0,inf
1986,Starrkirch-Wil,0,1706.0,inf
756,Feuerthalen,0,3596.0,inf
96,Auboranges,0,282.0,inf
758,Fey,0,697.0,inf
1455,Neuendorf,0,2089.0,inf
1978,Stabio,0,4627.0,inf
764,Finsterhennen,0,586.0,inf
1358,Meyriez,0,580.0,inf
1359,Meyrin,0,23044.0,inf
89,Astano,0,305.0,inf
2017,Sursee,0,9621.0,inf
87,Ascona,0,5515.0,inf
727,Essertines-sur-Rolle,0,695.0,inf
416,Cadempino,0,1520.0,inf
414,Büttikon,0,1002.0,inf
2052,Thônex,0,13906.0,inf
983,Hirschthal,0,1584.0,inf
1650,Rances,0,472.0,inf
701,Ependes (VD),0,351.0,inf
702,Eppenberg-Wöschnau,0,325.0,inf
978,Hilterfingen,0,4077.0,inf
2043,Thalwil,0,17789.0,inf
2042,Thalheim an der Thur,0,919.0,inf
708,Erlach,0,1450.0,inf
710,Erlenbach (ZH),0,5517.0,inf
715,Ermensee,0,955.0,inf
312,Bottighofen,0,2188.0,inf
723,Eschert,0,389.0,inf
1122,Känerkinden,0,523.0,inf
2032,Tenero-Contra,0,3040.0,inf
269,Binningen,0,15391.0,inf
1656,Realp,0,145.0,inf
2027,Tannay,0,1553.0,inf
322,Bovernier,0,880.0,inf
2024,Sévery,0,242.0,inf
2023,Sévaz,0,278.0,inf
1815,Saint-Gingolph,0,905.0,inf
